,No,Material,PART NAME,Storage Bin,Location,TACT,Box 1,Box 2,Box 3,Box 4,Box 5,Recount 1,Recount 2,Recount 3,Recount 4,Recount 5,Status,Verify By,Remark
,1,4M0823359C,GAS SPRING,T1-1,B22,01 LHS,18,,,,,,,,,,Verified,ARIF,
,2,4M0971225CS,"HARNESS,BATTERY",T1-19,B22,01 LHS,28,,,,,,,,,,Verified,AMMAR,
,3,4M0864440A,TRIM PANEL,T1-75,B22,01 RHS,28,,,,,,,,,,Verified,ARIF,
,4,4M0863433A,"TRIM,TRAY",T1-76,B22,01 RHS,65,,,,,,,,,,Verified,ARIF,
,5,4K0863261,"INSULATION, PILLAR",T1-78,B22,01 RHS,10,,,,,,,,,,Verified,ARIF,
,6,8K0863335B,DAMPING,T1-79,B22,01 RHS,20,,,,,,,,,,Verified,ARIF,
,7,4M6614517CB,BRAKE UNIT,T2-33,B22,02 LHS,12,,,,,,,,,,Verified,ARIF,
,8,4M0819181B,ONE-WAY FLAP-TYPE VEHICLE VENT,T2-46,B22,02 LHS,0,,,,,,,,,,Verified,Nisha,Direct to b17
,9,4M0945093Q,REAR COMBINATION LAMP,T2-57,B22,02 LHS,3,,,,,,,,,,Verified,AMMAR,
,10,4M0945094Q,REAR COMBINATION LAMP,T2-59,B22,02 LHS,16,,,,,,,,,,Verified,ARIF,
,11,4M2823535D,BOWDEN CABLE,T2-86,B22,02 RHS,55,,,,,,,,,,Verified,ARIF,
,12,4M1863517F,INSERT,T3-3,B22,03 LHS,14,,,,,,,,,,Verified,ARIF,
,13,4M0907286,"HOLDER,ELECTR. CONTR.UNIT",T3-4,B22,03 LHS,36,,,,,,,,,,Verified,ARIF,
,14,4M0863028,"INSERT,FLOOR MAT",T3-28,B22,03 RHS,38,,,,,,,,,,Verified,ARIF,
,15,4M0612103AG,BRAKE BOOSTER,T3-37,B22,03 RHS,16,,,,,,,,,,Verified,ARIF,
,16,4M0907341A,BRACKET,T4-43,B22,04 LHS,26,,,,,,,,,,Verified,ARIF,
,17,4M0616203F,PRESSURE ACCUMULATOR,T4-45,B22,04 LHS,10,,,,,,,,,,Verified,ARIF,
,18,4M0819803D,REAR FOOTWELL AIR DUCT,T4-47,B22,04 LHS,42,,,,,,,,,,Verified,ARIF,
,19,4M0819821C,REAR FOOTWELL AIR DUCT,T4-49,B22,04 LHS,54,,,,,,,,,,Verified,AMMAR,
,20,4M0819805B,REAR FOOTWELL AIR DUCT,T4-50,B22,04 LHS,34,,,,,,,,,,Verified,AMMAR,
,21,4M0863951B,FILLER,T1-73/ T4-54,B22,04 LHS/ 1LHS,186,,,,,,,,,,Verified,ARIF,
,22,4M0616204F,PRESSURE ACCUMULATOR,T4-75,B22,04 RHS,2,,,,,,,,,,Verified,ARIF,
,23,4M0819804E,REAR FOOTWELL AIR DUCT,T4-76,B22,04 RHS,12,,,,,,,,,,Verified,ARIF,
,24,4M0819822C,REAR FOOTWELL AIR DUCT,T4-77,B22,04 RHS,16,,,,,,,,,,Verified,ARIF,
,25,4M0819806B,REAR FOOTWELL AIR DUCT,T4-78,B22,04 RHS,42,,,,,,,,,,Verified,AMMAR,
,26,8W2035283,COMMUNICATIONSBOX,T4-83,B22,04 RHS,0,,,,,,,,,,Counted,,Direct to di b17
,27,4M0864843N,"TRIM TUNNEL,0UTER",T8-27,B22,08 LHS,34,,,,,,,,,,Verified,ARIF,
,28,4M0863983AA,DAMPING,T8-29,B22,08 LHS,3,,,,,,,,,,Verified,ARIF,
,29,4M0825692H,"HEAT SHIELDING, TUNNEL,REAR",T8-30,B22,08 LHS,122,,,,,,,,,,Verified,ARIF,
,30,4M0825661AN,"HEAT SHIELD,TUNNEL FRONT",T8-33,B22,08 LHS,12,,,,,,,,,,Verified,ARIF,
,31,4M0825662R,"HEAT SHIELD,TUNNEL FRONT",T8-34,B22,08 LHS,6,,,,,,,,,,Verified,ANWAR,
,32,4M0825711F,"HEAT SHIELD,TUNNEL FRONT",T8-36,B22,08 LHS,1,,,,,,,,,,Verified,ANWAR,
,33,4M0825623F,"HEAT SHIELD, CROSS PANEL",T8-38,B22,08 LHS,9,,,,,,,,,,Verified,ANWAR,
,34,4M0201544BF,FUEL LINE,T8-45,B22,08 RHS,4,,,,,,,,,,Verified,AMMAR,
,35,4M0201995K,BREATHER PIPE,T8-56,B22,08 RHS,25,,,,,,,,,,Verified,AMMAR,
,36,4M0821170B,COVER,T9-22,B22,09 LHS,0,,,,,,,,,,Counted,,Direct to b17
,37,4M0809906D,FUEL FILLER DOOR,T9-50,B22,09 RHS,26,,,,,,,,,,Verified,ZULFADLI,
,38,4M0854815F,CD-ENHANCING SILL COVER,T10-40,B22,10 LHS,23,,,,,,,,,,Verified,ARIF,
,39,4M0854816F,CD-ENHANCING SILL COVER,T10-41,B22,10 LHS,47,,,,,,,,,,Verified,ARIF,
,40,5Q0199555BK,TRANSMISSION MOUNT,GT1-15,B22,01 LHS,10,,,,,,,,,,Verified,AMMAR,
,41,5WA614517DS,BRAKE UNIT,GT2-37,B22,02 LHS,10,,,,,,,,,,Verified,AMMAR,
,42,5WC723058A,PEDAL CLUSTER,GT2-61,B22,02 RHS,30,,,,,,,,,,Verified,AMMAR,
,43,5WC614105BL,BRAKE BOOSTER,GT2-60,B22,02 RHS,12,,,,,,,,,,Verified,AMMAR,
,44,5H0827469AFDPJ,RELEASE MECHANISM,GT4-47,B22,04 RHS,31,,,,,,,,,,Verified,AMMAR,
,45,5H0945275D,"REAR COMBINATION  LAMP, PART 1",GT4-48,B22,04 RHS,24,,,,,,,,,,Verified,AMMAR,
,46,5H0945276E,REAR COMBINATION  LAMP,GT4-49,B22,04 RHS,25,,,,,,,,,,Verified,AMMAR,
,47,5Q0971592A,BRACKET,GT6-05,B22,06 LHS,396,,,,,,,,,,Verified,AMMAR,
,48,5G2815159C,COVER,GT6-12,B22,06 LHS,60,,,,,,,,,,Verified,AMMAR,
,49,5WA199262AN,ENGINE MOUNT,GT6-03,B22,06 LHS,99,,,,,,,,,,Verified,AMMAR,
,50,5Q0501733A,SHIELD,GT8-04,B22,08 LHS,216,,,,,,,,,,Verified,AMMAR,
,51,5Q0501734A,SHIELD,GT8-05,B22,08 LHS,52,,,,,,,,,,Verified,AMMAR,
,52,5WA915331B,BATTERY TRAY,GT8-06,B22,08 LHS,78,,,,,,,,,,Verified,AMMAR,
,53,5H0854857A,CD-ENHANCING SILL COVER,GT10-06,B22,10 LHS,14,7,,,,,,,,,Verified,Efendi,
,54,5H0854858A,CD-ENHANCING SILL COVER,GT10-07,B22,10 LHS,14,7,,,,,,,,,Verified,Efendi,
,55,5H0821111,END PLATE,GT14-02,B22,14 LHS,52,,,,,,,,,,Counted,,
,56,5H0821112,END PLATE,GT14-15,B22,14 RHS,54,,,,,,,,,,Counted,,
,57,5Q0129954F,COVER,GT14-38,B22, 15 LHS,23,23,,,,,,,,,Verified,Hazizie,Box 1 cannot be edited. Total in 46 cause box 2 is 23
,58,5Q0199555AB,TRANSMISSIONMOUNT,GT1-50,B22,01LHS,20,,,,,,,,,,Verified,ANWAR,
,59,5WA614517DT,BRAKEUNIT,GT2-62,B22,02LHS,6,,,,,,,,,,Verified,ANWAR,
,60,5WC614105BK,BRAKEBOOSTER,GT2-63,B22,02RHS,12,,,,,,,,,,Verified,ARIF,
,61,5WA199262AM,ENGINEMOUNT,GT6-32,B22,06LHS,16,,,,,,,,,,Verified,ANWAR,
,62,3WA907318A,COVER,GT6-33,B22,06LHS,21,,,,,,,,,,Verified,ANWAR,
,63,5WA200059CK,FUEL LINE,GT1-14,B22,01 LHS,95,,,,,,,,,,Counted,,
,64,5H0863993C,PLENUM PANEL      DAMPING,GT1-17,B22,01 LHS,92,,,,,,,,,,Verified,Efendi,
,65,5WC863353A,BULKHEAD SOUND INSULATION,GT1-19,B22,01 LHS,12,,,,,,,,,,Verified,Efendi,
,66,5H6827705B,COVER SEAL,GT1-35,B22,01 RHS,53,,,,,,,,,,Verified,Efendi,
,67,5H6880741N,CURTAIN AIRBAG,GT2-16,B22,02 LHS,18,4,,,,,,,,,Verified,Efendi,
,68,5H4867913  9B9,WELT,GT2-17,B22,02 LHS,83,,,,,,,,,,Verified,Efendi,
,69,5H4867911  9B9,WELT,GT2-18,B22,02 LHS,122,,,,,,,,,,Verified,Efendi,
,70,5H6880742N,CURTAIN AIRBAG,GT2-47,B22,02 RHS,18,,,,,,,,,,Verified,Efendi,
,71,5H4867912  9B9,WELT,GT2-48,B22,02 RHS,135,,,,,,,,,,Verified,Efendi,
,72,5H4867914  9B9,WELT,GT2-49,B22,02 RHS,24,,,,,,,,,,Verified,Efendi,
,73,5H0863831A,ENGINE HOOD       DAMPING,GT4-10,B22,04 LHS,51,,,,,,,,,,Verified,Efendi,
,74,5Q0819805E,REAR FOOTWELL AIR DUCT,GT4-11,B22,04 LHS,6,,,,,,,,,,Verified,Efendi,
,75,5Q0819806E,REAR FOOTWELL AIR DUCT,GT4-12,B22,04 LHS,75,,,,,,,,,,Verified,NEESHAN,
,76,5H0867291  4PK,"TRIM PANEL,PILLAR B,LOWER",GT4-13,B22,04 LHS,19,24,,,,,,,,,Verified,efendi,
,77,5H0867292  4PK,"TRIM PANEL,PILLAR B,LOWER",GT4-14,B22,04 LHS,19,24,,,,,,,,,Verified,efendi,
,78,5H6807863,ATTACHMENT STRIP,GT4-34,B22,04 RHS,59,,,,,,,,,,Verified,Efendi,
,79,5H0867233Q XCC,"TRIM PANEL,PILLAR A",GT5-04,B22,05 LHS,72,,,,,,,,,,Verified,Efendi,
,80,5H0867234Q XCC,"TRIM PANEL,PILLAR A",GT5-05,B22,05 LHS,70,,,,,,,,,,Verified,Efendi,
,81,5H0867243E 4PK,"TRIM PANEL,PILLAR B",GT5-06,B22,05 LHS,78,,,,,,,,,,Verified,Efendi,
,82,5H0867244E 4PK,"TRIM PANEL,PILLAR B",GT5-07,B22,05 LHS,83,,,,,,,,,,Verified,Efendi,
,83,5G2815159C,COVER,GT6-12,B22,06 LHS,60,,,,,,,,,,Counted,,Satu kotak ada 60 ada 2 kotok
,84,5H0806239,PLENUM PANEL,GT6-13,B22,06 LHS,14,,,,,,,,,,Verified,Efendi,
,85,5Q0816741C,REFRIGERANT LINE,GT6-14,B22,06 LHS,64,,,,,,,,,,Verified,Efendi,
,86,5WC816738B,REFRIGERANT PIPE,GT6-15,B22,06 LHS,22,41,,,,,,,,,Verified,ANWAR,
,87,5WA955448,WASHER FLUID RESERVOIR,GT6-16,B22,06 LHS,2,,,,,,,,,,Verified,Efendi,
,88,5WA816743B,REFRIGERANT LINE,GT6-17,B22,06 LHS,97,,,,,,,,,,Verified,Efendi,
,89,4P0915089C,BATTERY,T5-7,B22,09 LHS,0,,,,,,,,,,Counted,,Dah verify
,90,5WA915418B,CUP,GT9-15,B22,09 LHS,10,,,,,,,,,,Verified,Hazizie,
,91,5Q0129217B,AIR DEFLECTOR,GT9-16,B22,09 LHS,9,,,,,,,,,,Verified,ASRAF,
,92,5WA121407F,EXPANSION TANK,GT9-17,B22,09 LHS,21,,,,,,,,,,Verified,ASRAF,
,93,5H0807305F,BUMPER BAR,GT9-46,B22,09 LHS,0,,,,,,,,,,Counted,,Buffer part unpack b22
,94,5H0806929B,CARRIER,GT9-51,B22,09 RHS,0,,,,,,,,,,Counted,,Direct B17
,95,5H0806930B,CARRIER,GT9-52,B22,09 RHS,0,,,,,,,,,,Counted,,Direct B17
,96,5H6827934G 0K1,REAR SPOILER,GT9-53,B22,09 RHS,5,,,,,5,,,,,Verified,ASRAF,
,97,5H6827934G A7C,REAR SPOILER,GT9-53,B22,09 RHS,7,,,,,,,,,,Verified,ASRAF,
,98,5H6827934G C3J,REAR SPOILER,GT9-53,B22,09 RHS,1,,,,,,,,,,Verified,ASRAF,
,99,5H6827934G Y9T,REAR SPOILER,GT9-53,B22,09 RHS,7,,,,,,,,,,Verified,ASRAF,
,100,5H6827934G T5H,REAR SPOILER,GT9-53,B22,09 RHS,1,,,,,,,,,,Verified,ASRAF,
,101,5H0809909  0K1,FUELFILLERDOOR,GT9-48,B22,09 RHS,26,,,,,,,,,,Verified,efendi,
,102,5H0809909  A7C,FUELFILLERDOOR,GT9-48,B22,09 RHS,12,,,,,,,,,,Counted,,
,103,5H0809909  C3J,FUELFILLERDOOR,GT9-48,B22,09 RHS,32,,,,,,,,,,Verified,efendi,
,104,5H0809909  Y9T,FUELFILLERDOOR,GT9-48,B22,09 RHS,15,,,,,,,,,,Counted,,
,105,5H0809909  T5H,FUELFILLERDOOR,GT9-48,B22,09 RHS,3,34,,,,,,,,,Verified,efendi,
,106,5H2863483A 4PK,"TRIM PANEL,PILLAR A,LWR",GT9-54,B22,09 RHS,54,,,,,,,,,,Verified,efendi,
,107,5H2863484B 4PK,"TRIM PANEL,PILLAR A,LWR",GT9-55,B22,09 RHS,45,,,,,,,,,,Verified,efendi,
,108,3Q0825235A,SHIELD,GT10-09,B22,10 LHS,44,5,,,,,,,,,Verified,NEESHAN,
,109,5H0805911J,WHEEL HOUSING     LINER,GT10-10,B22,10 LHS,26,,,,,,,,,,Verified,NEESHAN,
,110,5H0805969B,"WHEEL HOUSING     LINER,FRONT",GT10-11,B22,10 LHS,49,,,,,,,,,,Verified,NEESHAN,
,111,5H0810971D,"WHEEL HOUSING     LINER,REAR",GT10-12,B22,10 LHS,8,,,,,,,,,,Verified,NEESHAN,
,112,5H0810972D,"WHEEL HOUSING     LINER,REAR",GT10-13,B22,10 LHS,52,,,,,,,,,,Verified,NEESHAN,
,113,5H0853651AR041,RADIATOR GRILLE,GT10-14,B22,10 LHS,0,,,,,,,,,,Counted,,Hts
,114,5WA825201H,CD-ENHANCING UNDERBODY PANEL,GT10-15,B22,10 LHS,40,,,,,,,,,,Verified,NEESHAN,
,115,5H0805912M,WHEEL HOUSING     LINER,GT10-35,B22,10 RHS,27,,,,,,,,,,Verified,NEESHAN,
,116,5H0805970A,"WHEEL HOUSING     LINER,FRONT",GT10-36,B22,10 RHS,51,,,,,,,,,,Verified,NEESHAN,
,117,5WA501713,SHIELD,GT10-37,B22,10 RHS,19,,,,,,,,,,Verified,NEESHAN,
,118,5WA825202H,CD-ENHANCING UNDERBODY PANEL,GT10-38,B22,10 RHS,39,,,,,,,,,,Verified,ARIF,
,119,5WA825102A,CD-ENHANCING UNDERBODY PANEL,GT10-39,B22,10 RHS,59,,,,,,,,,,Verified,efendi,
,120,5H6863544A,"TRIM,SPARE WHEEL WELL",GT13-23,B22,13 LHS,24,,,,,,,,,,Verified,NEESHAN,
,121,5H6867765D 4PK,"TRIM,WHEEL HOUSINGREAR",GT13-24,B22,13 LHS,15,,,,,,,,,,Verified,NEESHAN,
,122,5H6867766D 4PK,"TRIM,WHEEL HOUSINGREAR",GT13-25,B22,13 LHS,15,,,,,12,,,,,Verified,AMMAR,
,123,5H6867287B 4PK,"TRIM PANEL,PILLAR C",GT13-26,B22,13 LHS,12,,,,,,,,,,Verified,AMMAR,
,124,5H6867427N CA9,LUGGAGE COMP. SIDE TRIM,GT13-49,B22,13 RHS,5,,,,,,,,,,Verified,NEESHAN,
,125,5H0419089QLNID,STEERING WHEEL,GT13-50,B22,13 RHS,20,,,,,,,,,,Verified,NEESHAN,
,126,5H6867761  4PK,"SUPPORT, SIDE",GT13-51,B22,13 RHS,21,9,,,,,,,,,Counted,,
,127,5H6867762D 4PK,"SUPPORT, SIDE",GT13-52,B22,13 RHS,8,,,,,,,,,,Counted,,
,128,5H6867288B 4PK,"TRIM PANEL,PILLAR C",GT13-53,B22,13 RHS,12,,,,,,,,,,Verified,NEESHAN,
,129,5H6867428H CA9,LUGGAGE COMP. SIDE TRIM,GT13-54,B22,13 RHS,104,,,,,,,,,,Verified,NEESHAN,
,130,5NA880201G XEA,AIRBAG UNIT,GT13-55,B22,13 RHS,1,12,,,,,,,,,Verified,HAZIZIE,
,131,5H0864254A,AIRDUCT,GT13-10,B22,13RHS,0,,,,,,,,,,Counted,,Buffer part unpack b22
,132,5NA805615,TOWING EYE,GT14-28,B22,14 RHS,12,22,,,,,,,,,Verified,Hazizie,
,133,4D0012219A,LUG WRENCH,GT14-29,B22,14 RHS,24,,,,,,,,,,Verified,NEESHAN,
,134,5Q0011221,CRANK,GT14-30,B22,14 RHS,50,,,,,,,,,,Verified,NEESHAN,
,135,5WA129601,AIR FILTER/MUFFLER UNIT,GT14-31,B22,14 RHS,26,,,,,,,,,,Verified,HAZIZIE,
,136,5H0012115D,TOOL KIT HOLDER,GT14-32,B22,14 RHS,120,,,,,,,,,,Verified,NEESHAN,
,137,5WA011031B,JACK,GT14-33,B22,14 RHS,10,,,,,,,,,,Verified,NEESHAN,
,138,5H0012115C,TOOL KIT HOLDER,GT14-34,B22,14 RHS,64,,,,,,,,,,Verified,NEESHAN,
,139,6C0035621A,SUBWOOFER,GT14-35,B22,14 RHS,6,,,,,,,,,,Verified,ZULFADLI,
,140,6X0012243,PULLER,GT14-37,B22,14 RHS,695,1200,,,,,,,,,Verified,Hazizie,
,141,5Q0129954F,COVER,GT14-38,B22,14 RHS,0,,,,,,,,,,Counted,,RHS DAH 46
,142,5H6867707  4PK,LINING,GT14-39,B22,14 RHS,32,,,,,,,,,,Verified,HAZIZIE,
,143,5H6867601B 4PK,"LINING,TRUNK LID",GT14-40,B22,14 RHS,12,12,,,,,,,,,Verified,ARIF,
,144,5H0012021R,TOOL KIT,GT14-41,B22,14 RHS,1,,,,,,,,,,Verified,Hazizie,
,145,000860289C,SMALL PARTS BAG,GT15-02,B22,15 LHS,50,,,,,49,,,,,Verified,Hazizie,
,146,1K0601173  9B9,"CAP,WHEEL BOLT",GT15-03,B22,15 LHS,373,,,,,,,,,,Verified,NEESHAN,
,147,1K0601173  9B9,"CAP,WHEEL BOLT",GT15-03,B22,15 LHS,0,,,,,,,,,,Counted,,Duplicate number
,148,5H0601171  FOD,COVER,GT15-05,B22,15 LHS,252,,,,,,,,,,Verified,NEESHAN,
,149,5G2863011F IFD,LUGGAGE COMPARTM. MAT,GT15-06,B22,15 LHS,67,,,,,,,,,,Verified,AMMAR,
,150,5H6863459B 4PK,"COVER,LOCK CARRIER",GT15-07,B22,15 RHS,9,,,,,,,,,,Verified,HAZIZIE,
,151,5H6867769A CA9,TRUNK LID,GT15-08,B22,15 RHS,26,,,,,,,,,,Verified,Hazizie,
,152,5H2863933C,DAMPING,GT1-34,B22,T0,0,,,,,,,,,,Counted,,Direct B17
,153,5H0601025H FZZ,ALLOY WHEEL,GWH-06,B22,WHEEL,4,,,,,,,,,,Counted,,
,154,5WA816743C,REFRIGERANTLINE,GT6-34,B22,06LHS,173,,,,,,,,,,Verified,Efendi,
,155,5Q0825230K,"DRAGREDUCTIONCOVERING,TUNNEL",GT10-54,B22,10LHS,17,,,,,,,,,,Verified,NEESHAN,
,156,5WA825236C,SHIELD,GT10-55,B22,10LHS,45,,,,,,,,,,Verified,ZULFADLI,
,157,5H0805911H,WHEELHOUSINGLINER,GT10-56,B22,10LHS,40,,,,,,,,,,Counted,,
,158,5H0805912K,WHEELHOUSINGLINER,GT10-57,B22,10LHS,42,,,,,,,,,,Verified,NEESHAN,
,159,5H0853651AS041,RADIATORGRILLE,GT10-63,B22,10RHS,30,,,,,,,,,,Verified,ARIF,
,160,5H0419089QLVDH,STEERINGWHEEL,GT13-62,B22,13RHS,3,,,,,,,,,,Verified,NEESHAN,
,161,5H6867427M CA9,LUGGAGECOMP.SIDETRIM,GT13-64,B22,13RHS,31,,,,,,,,,,Verified,NEESHAN,
,162,5Q0129601CC,AIRFILTER/MUFFLERUNIT,GT14-57,B22,14LHS,28,,,,,,,,,,Verified,NEESHAN,
,163,5H2863012C IFA,LUGGAGECOMPARTM.MAT,GT15-12,B22,15LHS,10,,,,,,,,,,Verified,NEESHAN,
,165,5H6827933G A7C,REARSPOILER,GT9-53,B22,09LHS,1,,,,,,,,,,Verified,NEESHAN,
,166,5H6827933G C3J,REARSPOILER,GT9-53,B22,09LHS,7,,,,,,,,,,Verified,NEESHAN,
,167,5H6827933G Y9T,REARSPOILER,GT9-53,B22,09LHS,3,,,,,,,,,,Verified,NEESHAN,
,168,5H6827933G T5H,REARSPOILER,GT9-53,B22,09LHS,7,,,,,,,,,,Verified,NEESHAN,
,169,3WA915107C,BATTERY,GT5-23,B22,05LHS,11,,,,,,,,,,Verified,HAZIZIE,
,170,5WA819805B,REARFOOTWELLAIRDUCT,GT5-24,B22,05RHS,22,,,,,,,,,,Verified,Efendi,
,171,5WA819806B,REARFOOTWELLAIRDUCT,GT5-25,B22,05RHS,22,,,,,,,,,,Verified,Efendi,
,172,5H0867233P 4PK,"TRIMPANEL,PILLARA",GT5-26,B22,05RHS,56,,,,,,,,,,Verified,Efendi,
,173,5H0867234P 4PK,"TRIMPANEL,PILLARA",GT5-27,B22,05RHS,55,,,,,,,,,,Verified,Efendi,
,174,5H0601025APFZZ,ALLOY WHEEL,GWH-11,B22,WHEEL,46,,,,,46,,,,,Verified,LUQMAN,Add on 36pcs. 
,175,5H0959893  AUD,CAP,GT15-14,B22,15LHS,22,130,,,,,,,,,Verified,NEESHAN,
,176,5H0853651AT041,RADIATORGRILLE,GT10-72,B22,10RHS,30,,,,,,,,,,Verified,ARIF,
,177,5H0419089QTAGD,STEERINGWHEEL,GT13-67,B22,13RHS,40,,,,,,,,,,Verified,NEESHAN,
,178,5H2863011D IFG,LUGGAGECOMPARTM.MAT,GT15-13,B22,15LHS,10,,,,,,,,,,Verified,NEESHAN,
,179,5H0601025S FZZ,ALLOYWHEEL,GWH-10,B22,WHEEL,0,,,,,,,,,,Counted,,Direct B17
,180,5H0809909  D5K,FUELFILLERDOOR,GT9-48,B22,9 LHS,19,,,,,,,,,,Verified,efendi,
,181,5H0809909  C9A,FUELFILLERDOOR,GT9-48,B22,9 LHS,25,,,,,,,,,,Verified,efendi,
,182,5H0809909  Y9T,FUELFILLERDOOR,GT9-48,B22,9 LHS,0,,,,,,,,,,Counted,,Dkt RHS dah 15
,183,5H0809909  C7Q,FUELFILLERDOOR,GT9-48,B22,9 LHS,1,,,,,,,,,,Verified,efendi,
,184,4M2863923Q,BULKHEAD SOUND DAMPING,T1-45,B22,01 RHS,12,,,,,,,,,,Verified,ARIF,
,185,4M0827229B,COVER,T1-52,B22,01 RHS,1,,,,,,,,,,Verified,NEESHAN,
,186,4M0827705,COVER SEAL,T1-53,B22,01 RHS,16,,,,,,,,,,Verified,NEESHAN,
,187,4M0860021B 1P9,ROOF RAILS,T2-2,B22,02 LHS,21,,,,,,,,,,Verified,NEESHAN,
,188,4M0831721C,DOOR SEAL,T2-7,B22,02 LHS,39,,,,,,,,,,Verified,ARIF,
,189,4M0839119D,GASKET,T2-8,B22,02 LHS,22,,,,,,,,,,Verified,ARIF,
,190,4M0880741K,CURTAIN AIRBAG,T2-14,B22,02 LHS,2,,,,,,,,,,Verified,NEESHAN,
,191,4M0860022B 1P9,ROOF RAILS,T2-72,B22,02 RHS,22,,,,,,,,,,Verified,AMMAR,
,192,4M0833721C,DOOR SEAL,T2-75,B22,02 RHS,58,,,,,,,,,,Verified,ARIF,
,193,4M0839120D,GASKET,T2-76,B22,02 RHS,21,,,,,,,,,,Verified,ARIF,
,194,4M0880742K,CURTAIN AIRBAG,T2-80,B22,02 RHS,2,,,,,,,,,,Verified,AMMAR,
,195,4M8955023E,WIPER MOTOR W. LINKAGE,T4-38,B22,04 LHS,1,,,,,,,,,,Verified,AMMAR,
,196,4M0863825A,HOOD SOUND,T4-40,B22,04 LHS,23,,,,,,,,,,Verified,ARIF,
,197,4M0823126,IMPACT PROTECTION,T4-41,B22,04 LHS,11,,,,,,,,,,Verified,NEESHAN,
,198,4M0819811E,"REAR FOOTWELL AIR DUCT,PILLAR",T4-51,B22,04 LHS,44,,,,,,,,,,Verified,ARIF,
,199,4M0819725B,AIR DUCT ELEMENT,T4-53,B22,04 LHS,13,,,,,,,,,,Verified,ARIF,
,200,4M0867239F 4PK,"TRIM PANEL,PILLAR B,LOWER",T4-55,B22,04 LHS,7,,,,,,,,,,Verified,ARIF,
,201,4M0807458A,GUIDE,T4-71,B22,04 RHS,26,,,,,,,,,,Verified,ARIF,
,202,4M0819812G,"REAR FOOTWELL AIR DUCT,PILLAR",T4-79,B22,04 RHS,43,,,,,,,,,,Verified,ARIF,
,203,4M0819726B,AIR DUCT ELEMENT,T4-81,B22,04 RHS,13,,,,,,,,,,Verified,ARIF,
,204,4M0867240K 4PK,"TRIM PANEL,PILLAR B,LOWER",T4-82,B22,04 RHS,13,,,,,,,,,,Verified,ARIF,
,205,8W2035283,COMMUNICATIONSBOX,T4-83,B22,04 RHS,0,,,,,,,,,,Counted,,Direct B17
,206,4M0881677A,SEAT FRAME,T5-2,B22,05 LHS,14,,,,,,,,,,Verified,ARIF,
,207,4P0915089C,BATTERY,T5-7,B22,05 LHS,29,,,,,,,,,,Verified,ARIF,
,208,4M0867233AB2O9,"TRIM PANEL,PILLAR A",T5-13,B22,05 LHS,4,5,,,,,,,,,Verified,ARIF,
,209,4M0867287H 2O9,"TRIM PANEL,PILLAR C",T5-20,B22,05 LHS,55,,,,,,,,,,Verified,ARIF,
,210,4M0867245F 2O9,"TRIM PANEL,PILLAR D",T5-22,B22,05 LHS,7,,,,,,,,,,Verified,ARIF,
,211,4M0845297BK,SIDE WINDOW GLASS,T5-28,B22,05 LHS,22,,,,,,,,,,Verified,ARIF,
,212,4M0845298CG,SIDE WINDOW GLASS,T5-29,B22,05 LHS,8,,,,,,,,,,Verified,ARIF,
,213,4M0863560,DRIVE UNIT,T5-31,B22,05 RHS,2,,,,,,,,,,Verified,ARIF,
,214,4M0863697P,TRIM PANEL,T5-37,B22,05 RHS,10,,,,,,,,,,Verified,ARIF,
,215,4N0915105G,BATTERY,T5-41,B22,05 RHS,1,18,,,,,,,,,Verified,ARIF,
,216,4M0915524K,BRACKET,T5-42,B22,05 RHS,27,,,,,,,,,,Verified,ARIF,
,217,4M0915399L,BATTERY COVER,T5-43,B22,05 RHS,3,30,,,,,,,,,Verified,ARIF,
,218,4M0867234AB2O9,"TRIM PANEL,PILLAR A",T5-60,B22,05 RHS,4,,,,,,,,,,Verified,ARIF,
,219,4M0867244F 2O9,"TRIM PANEL,PILLAR B",T5-61,B22,05 RHS,45,,,,,,,,,,Verified,ARIF,
,220,4M0867246F 2O9,"TRIM PANEL,PILLAR D",T5-64,B22,05 RHS,4,,,,,,,,,,Verified,NEESHAN,
,221,4M2816740,REFRIGERANT LINE,T6-20,B22,06 LHS,26,,,,,,,,,,Verified,AMMAR,
,222,4M2819904B,AIR INTAKE,T6-24,B22,06 LHS,42,,,,,,,,,,Verified,ARIF,
,223,4M2819979B,DRIP RAIL,T6-28,B22,06 LHS,132,,,,,,,,,,Verified,ARIF,
,224,4M0816738M,REFRIGERANT LINE,T6-29,B22,06 LHS,14,,,,,,,,,,Verified,AMMAR,
,225,4M0955448C,WASHER FLUID RESERVOIR,T6-30,B22,06 LHS,19,,,,,,,,,,Verified,AMMAR,
,226,4M0819523A,PLENUM CHAMBER BULKHEAD,T6-39,B22,06 LHS,18,,,,,,,,,,Verified,AMMAR,
,227,4M2819350,HEATING HOSE,T6-41,B22,06 LHS,9,,,,,,,,,,Verified,ARIF,
,228,4M0806303H,STRUT,T6-51,B22,06 LHS,18,,,,,,,,,,Verified,ARIF,
,229,4M0864831AD,"TRIM, DASH PANEL",T6-53,B22,06 LHS,6,,,,,,,,,,Verified,ARIF,
,230,4M0825621K,"HEAT SHIELD, CROSS PANEL",T6-55,B22,06 LHS,84,,,,,,,,,,Verified,ARIF,
,231,4M0806391C,ADAPTER,T9-1,B22,09 LHS,10,,,,,,,,,,Verified,LUQMAN,
,232,4M0805645B,ADDITIONAL REINF.,T9-2,B22,09 LHS,1,,,,,,,,,,Verified,AMMAR,
,233,4M0863993F,PLENUM PANEL DAMPING,T9-5,B22,09 LHS,48,,,,,,,,,,Verified,AMMAR,
,234,4M0816741DB,REFRIGERANT LINE,T9-19,B22,09 LHS,25,,,,,,,,,,Verified,AMMAR,
,235,4M0821169B,COVER,T9-21,B22,09 LHS,1,90,,,,,,,,,Verified,AMMAR,
,236,4M8819401D,PLENUM PANEL COVER,T9-24,B22,09 LHS,4,,,,,,,,,,Verified,NEESHAN,
,237,4M0823723,"SEAL,WATER BOX",T9-25,B22,09 LHS,55,,,,,,,,,,Verified,NEESHAN,
,238,4M0121405AG,EXPANSION TANK,T9-27,B22,09 LHS,10,,,,,,,,,,Verified,ARIF,
,239,4M0802507G,CONNECTING PART,T9-34,B22,09 LHS,10,,,,,,,,,,Verified,LUQMAN,
,240,4M0133835G,AIR CLEANER,T9-37,B22,09 LHS,12,,,,,,,,,,Verified,AMMAR,
,241,4M0807329,RETAINING PART,T9-42,B22,09 LHS,10,,,,,,,,,,Verified,AMMAR,
,242,4M0807309,BUMPER BAR,T9-44,B22,09 LHS,2,,,,,,,,,,Verified,AMMAR,
,243,4M0807453B,GUIDE,T9-46,B22,09 LHS,24,,,,,,,,,,Verified,AMMAR,
,244,4M0807454B,GUIDE,T9-48,B22,09 LHS,25,,,,,,,,,,Counted,,
,245,4M0129510H,RAW AIR INDUCTION,T9-49,B22,09 LHS,5,14,,,,,,,,,Counted,,
,246,4M2419753D,STEERING SHAFT,T9-56,B22,09 RHS,20,,,,,,,,,,Verified,NEESHAN,
,247,4M2867272B 4PK,"TRIM PANEL,PILLAR A,LWR",T9-61,B22,09 RHS,15,,,,,,,,,,Verified,AMMAR,
,248,4M2867271B 4PK,"TRIM PANEL,PILLAR A,LWR",T9-67,B22,09 RHS,15,,,,,,,,,,Verified,AMMAR,
,249,4M0827933A S9R,REAR SPOILER,T9-77,B22,09 RHS,3,,,,,,,,,,Verified,NEESHAN,
,250,4M0825213J,DRAG REDUCTION,T10-17,B22,10 LHS,23,,,,,,,,,,Verified,ARIF,
,251,4M0825205AA,CD-ENHANCING UNDERBODY PANEL,T10-20,B22,10 LHS,20,,,,,,,,,,Verified,ARIF,
,252,4M0825285R,SHIELD,T10-23,B22,10 LHS,25,,,,,,,,,,Verified,AMMAR,
,253,4M0825235BA,SHIELD,T10-27,B22,10 LHS,2,,,,,,,,,,Verified,AMMAR,
,254,4M0821171AP,WHEEL HOUSING LINER,T10-32,B22,10 LHS,14,,,,,,,,,,Verified,ZULFADLI,
,255,4M0821191G,WHEEL HOUSING LINER,T10-34,B22,10 LHS,26,,,,,,,,,,Verified,NEESHAN,
,256,4M0853025J S9R,WHEEL TRIM,T10-37,B22,10 LHS,1,,,,,,,,,,Verified,AMMAR,"Multiple boxes in separate rack, 8 box/pcs total "
,257,4M0810171J,"WHEEL HOUSING LINER,REAR",T10-43,B22,10 LHS,2,,,,,,,,,,Verified,AMMAR,
,258,4M0810172L,"WHEEL HOUSING LINER,REAR",T10-44,B22,10 LHS,15,,,,,,,,,,Verified,ARIF,
,259,4M0804033G,AIR DUCT ELEMENT,T10-45,B22,10 LHS,21,,,,,,,,,,Verified,AMMAR,
,260,4M0825236AK,SHIELD,T10-47,B22,10 LHS,19,,,,,,,,,,Verified,AMMAR,
,261,4M0807081B 9B9,"COVER,BUMPER",T10-56,B22,10 RHS,25,,,,,31,,,,,Verified,ZULFADLI,
,262,4M0825212H,CD-ENHANCING UNDERBODY PANEL,T10-63,B22,10 RHS,140,,,,,,,,,,Verified,ZULFADLI,
,263,4M0825219F,"CD-ENHANCING UNDERBODY PANEL,R",T10-64,B22,10 RHS,83,,,,,,,,,,Verified,Hazizie,
,264,4M0825214J,"CD-ENHANCING UNDERBODY PANEL,R",T10-66,B22,10 RHS,44,,,,,,,,,,Verified,AMMAR,
,265,4M0825206P,CD-ENHANCING UNDERBODY PANEL,T10-67,B22,10 RHS,60,,,,,,,,,,Verified,ARIF,
,266,4M0821172AG,WHEEL HOUSING LINER,T10-70,B22,10 RHS,14,,,,,,,,,,Verified,AMMAR,
,267,4M0821192H,WHEEL HOUSING LINER,T10-71,B22,10 RHS,1,4,,,,,,,,,Verified,AMMAR,
,268,4M0853026J S9R,WHEEL TRIM,T10-73,B22,10 RHS,1,,,,,,,,,,Verified,NEESHAN,
,269,4M0863869A,TUNNEL DAMPING,T13-1,B22,13 LHS,41,,,,,,,,,,Verified,HAZIZIE,
,270,4M0867767G 4PK,"TRIM,WHEEL HOUSING REAR",T13-48,B22,13 LHS,13,,,,,,,,,,Verified,ARIF,
,271,4M0867768G 4PK,"TRIM,WHEEL HOUSING REAR",T13-50,B22,13 LHS,13,,,,,,,,,,Verified,ARIF,
,272,4M0853369D 4PK,SCUFF PLATE,T13-51,B22,13 LHS,20,,,,,,,,,,Verified,HAZIZIE,
,273,4M0853370D 4PK,SCUFF PLATE,T13-52,B22,13 LHS,56,,,,,,,,,,Verified,ARIF,
,274,4M8863075F 24A,TRAY,T13-53,B22,13 LHS,7,,,,,,,,,,Verified,ARIF,
,275,8Y0035465A,BOOSTER,T13-68,B22,13 RHS,25,,,,,,,,,,Verified,HAZIZIE,
,276,4M0863527K 4PK,SHELF,T13-72,B22,13 RHS,7,,,,,,,,,,Verified,NEESHAN,
,277,4M0863528K 4PK,SHELF,T13-73,B22,13 RHS,7,,,,,,,,,,Verified,NEESHAN,
,278,4M0863879H HCK,SIDE TRIM PANEL,T13-76,B22,13 RHS,6,,,,,,,,,,Verified,ARIF,
,279,4M0863880C HCK,SIDE TRIM PANEL,T13-86,B22,13 RHS,1,,,,,,,,,,Verified,HAZIZIE,
,280,4M8419091ACQQT,STEERING WHEEL,T13-99,B22,13 RHS,7,12,,,,,,,,,Verified,HAZIZIE,
,281,4M0880201AE6PS,AIRBAG UNIT,T13-101,B22,13 RHS,7,,,,,,,,,,Verified,NEESHAN,
,282,9Y2864906A,PROTECTIVE LINING,T14-20,B22,14 LHS,0,,,,,,,,,,Counted,,B17 punya
,283,4M0133849T,"COVER,AIR CLEANER",T14-31,B22,14 RHS,15,,,,,,,,,,Verified,HAZIZIE,
,284,4M0867839D 2O9,LINING,T14-33,B22,14 RHS,51,,,,,,,,,,Verified,HAZIZIE,
,285,4M0867607F 4PK,"LINING,TRUNK LID",T14-34,B22,14 RHS,27,,,,,,,,,,Verified,AMMAR,
,286,4M0867608F 4PK,"LINING,TRUNK LID",T14-35,B22,14 RHS,87,,,,,,,,,,Verified,HAZIZIE,
,287,4M0867606J 4PK,"LINING,TRUNK LID",T14-37,B22,14 RHS,36,,,,,,,,,,Verified,AMMAR,
,288,4M0867974  4PK,"LINING,TRUNK LID",T14-41,B22,14 RHS,4,,,,,,,,,,Verified,ARIF,
,289,4M0035621L,SUBWOOFER,T14-46,B22,14 RHS,24,17,,,,,,,,,Verified,ARIF,
,290,4M0012021BR,TOOL KIT,T14-50,B22,14 RHS,25,,,,,,,,,,Verified,ZULFADLI,
,291,4M0012021BG,TOOL KIT,T14-51,B22,14 RHS,5,,,,,,,,,,Verified,AMMAR,
,292,4M0863462Q QA5,LUGGAGE COMPARTM FLOORB COVERING,T14-52,B22,14 RHS,2,,,,,,,,,,Verified,AMMAR,
,293,4M8955405K,WIPER LEVER,T14-55,B22,14 RHS,0,,,,,,,,,,Counted,,
,294,4M8955406G,WIPER LEVER,T14-56,B22,14 RHS,4,,,,,,,,,,Verified,AMMAR,
,295,8Y0012007,BAG,T15-22,B22,15 LHS,43,,,,,,,,,,Verified,NEESHAN,
,296,4M2863011D JTV,LUGGAGE COMPARTM.,T15-1,B22,15 LHS,12,,,,,,,,,,Verified,AMMAR,
,297,4M0863553E 94H,COVER,T15-11,B22,15 RHS,0,,,,,,,,,,Counted,,Direct b17
,298,4M0864483P 4PK,"LINING, REAR END",T15-12,B22,15 RHS,10,,,,,,,,,,Verified,AMMAR,
,299,4M0864043A,INSULATION,M100-17,B22,M100,0,,,,,,,,,,Counted,,DIRECT B17
,304,4M0854819H S9R,WHEEL TRIM,T14-23,B22,10 LHS,1,,,,,,,,,,Verified,NEESHAN,
,305,4M0854819H Y9T,WHEEL TRIM,T14-23,B22,10 LHS,3,5,,,,,,,,,Verified,NEESHAN,
,306,4M0854819H J5L,WHEEL TRIM,T14-23,B22,10 LHS,4,,,,,,,,,,Verified,NEESHAN,
,307,4M0854819H Z7S,WHEEL TRIM,T14-23,B22,10 LHS,1,10,,,,,,,,,Verified,NEESHAN,
,308,4M0854820H S9R,WHEEL TRIM,T14-25,B22,10 LHS,2,,,,,,,,,,Verified,NEESHAN,
,309,4M0854820H Y9T,WHEEL TRIM,T14-25,B22,10 LHS,1,7,,,,,,,,,Verified,NEESHAN,
,310,4M0854820H J5L,WHEEL TRIM,T14-25,B22,10 LHS,4,,,,,,,,,,Verified,NEESHAN,
,311,4M0854820H Z7S,WHEEL TRIM,T14-25,B22,10 LHS,1,10,,,,,,,,,Verified,NEESHAN,
,312,4M0853025J S9R,WHEEL TRIM,T10-37,B22,10 LHS,0,,,,,,,,,,Counted,,Dah verified
,313,4M0853025J Y9T,WHEEL TRIM,T10-37,B22,10 LHS,1,1,,,,,,,,,Verified,NEESHAN,
,314,4M0853025J J5L,WHEEL TRIM,T10-37,B22,10 LHS,1,1,,,,,,,,,Verified,NEESHAN,
,315,4M0853025J Z7S,WHEEL TRIM,T10-37,B22,10 LHS,1,1,1,,,,,,,,Verified,NEESHAN,
,316,4M0853026J S9R,WHEEL TRIM,T10-73,B22,10 LHS,0,,,,,,,,,,Counted,,Dah verified
,317,4M0853026J Y9T,WHEEL TRIM,T10-73,B22,10 LHS,1,1,,,,,,,,,Verified,NEESHAN,
,318,4M0853026J J5L,WHEEL TRIM,T10-73,B22,10 LHS,1,1,1,,,,,,,,Verified,NEESHAN,
,319,4M0853026J Z7S,WHEEL TRIM,T10-73,B22,10 LHS,1,1,,,,,,,,,Verified,NEESHAN,
,320,4M0616105F,SHIELD,T10-61,B22,10 RHS,0,,,,,,,,,,Counted,,Direct B17
,321,5G2955405D 03C,WIPER LEVER,GT14-43,B22,14 LHS,18,4,,,,,,,,,Verified,Hazizie,
,322,5G2955406F 03C,WIPER LEVER,GT14-44,B22,14 LHS,17,9,,,,,,,,,Verified,Hazizie,
,323,3C06011739B9,"CAP,WHEELBOLT",GT15-01,B22,15 LHS,76,,,,,,,,,,Verified,Hazizie,