,No.,PartNumber,Part Number,Part Name,REMARK NISHA,LUQMAN,S.Bin,Tact,Rack Number
,842,N91079901,N  91079901,DUO HEXAGON FLANGE BOLT,,,GT10-19,10 LHS,39
,1029,N91079901,N  91079901,DUO HEXAGON FLANGE BOLT,DOUBLE TACT,,GT10-19,13 LHS,48
,9,1K8823753B,1K8823753B,PLUG,,,GT1-38, 01 RHS,1
,109,1K8823753B,1K8823753B,PLUG,DOUBLE TACT,,GT1-38,02 RHS,6
,119,5H6857805MRAA,5H6857805M RAA,SEAT BELT,,,GT2-32,02 RHS,6
,199,5H6857805MRAA,5H6857805M RAA,SEAT BELT,DOUBLE TACT,,GT2-32,02 LHS,10
,76,N10737001,N10737001,PREV.TORQUE TYPE HEX.NUT W.FLANGE,,,GT2-45,01 LHS,3
,116,N10737001,N  10737001,PREV.TORQUE TYPE HEX.NUT W.FLANGE,DOUBLE TACT,,GT2-45,02 RHS,6
,353,N10115101,N10115101,COVER,CHECK LOCATION,,GT8-07,04 LHS,18
,639,N10115101,N  10115101,COVER,,,GT8-07,8 RHS,31
,604,N10784701,N  10784701,HEXAGON FLANGE BOLT,,,GT8-08,8 RHS,29
,636,N10784701,N  10784701,HEXAGON FLANGE BOLT,DOUBLE TACT,,GT8-08,8 RHS,31
,605,N10784801,N  10784801,HEXAGON FLANGE BOLT,,,GT8-09,8 RHS,29
,650,N10784801,N  10784801,HEXAGON FLANGE BOLT,DOUBLE TACT,,GT8-09,8 RHS,31
,644,N0195307,N  0195307,HEXAGON FLANGE BOL T,CHECK LOCATION,,GT9-38,8 RHS,31
,720,N0195307,N 0195307,HEXAGON FLANGE BOL T,,,GT9-38,9 RHS,34
,21,N10515101,N  10515101,COVER,,,T01-07,01 LHS,2
,618,N10515101,N10515101,COVER,CHECK LOCATION,,T01-07,8 LHS,30
,28,N90714303,N  90714303,HEXAGON NUT W. WASHER,,,T01-14,01 LHS,2
,671,N90714303,N90714303,HEXAGON NUT W. WASHER,CHECK LOCATION,,T01-14,8 RHS,32
,297,N01508210,N  0150821,HEXAGON FLANGE NUT,,,T4-29,04 RHS,15
,400,N01508210,N  0150821,HEXAGON FLANGE NUT,DOUBLE TACT,,T4-29,04 LHS,21
,298,80A8576084PK,80A857608  4PK,GRAB HANDLE,,,T4-57,04 RHS,15
,487,80A8576084PK,80A857608  4PK,GRAB HANDLE,DOUBLE TACT,,T4-57,04 RHS,25
,430,N10609201,N  10609201,HEXAGON FLANGE NUT,,,T5-68,05 LHS,22
,495,N10609201,N  10609201,HEXAGON FLANGE NUT,DOUBLE TACT,,T5-68,05 RHS,25
,596,N01508210,N  0150821,HEXAGON FLANGE NUT,,,T6-23,6 LHS,28
,664,N01508210,N0150821,HEXAGON FLANGE NUT,CHECK LOCATION,,T6-23,8 LHS,32
,571,N90708803,N  90708803,SPRING NUT,,,T6-56,6 LHS,28
,665,N90708803,N  90708803,SPRING NUT,CHECK LOCATION,,T6-56,8 LHS,32
,727,4M0201215AB,4M0201215AB,FUEL SUPPLY LINE,,,T9-31,9 LHS,35
,872,4M0201215AB,4M0201215AB,FUEL SUPPLY LINE,CHECK LOCATION,,T9-31,9 LHS,41
,735,4M0121284EF,4M0121284EF,AIR DEFLECTOR,,,T9-41,9 LHS,35
,818,4M0121284EF,4M0121284EF,AIR DEFLECTOR,CHECK LOCATION,,T9-41,9 LHS,39
,652,N91229601,N 91229601,#N/A,CHECK PART,,#N/A,8 RHS,31
,780,3D0971260,3D0971260,#N/A,CHECK PART,,#N/A,9 LHS,36
,807,WHT007084,WHT007084,#N/A,CHECK PART,,#N/A,9 LHS,38
,1058,4G0959831D5PR,4G0959831D 5PR,#N/A,CHECK PART,,#N/A,14 RHS,49
,1093,85H857333,85H857333,#N/A,CHECK PART,,#N/A,14 LHS,52
,1137,5N0955205,5N0955205,#N/A,CHECK PART,,#N/A,15 LHS,54
,63,5Q2614723E,5Q2614723C,BRAKE LINE,,,GT1-11,01 LHS,3
,153,3Q2614739C,3Q2614739C,"BRAKE PRESSURE TUBE,CENTER",CHECK GOLF,,GT2-42,02 LHS,9
,259,5WA962132,5WA962132A,ANTENNA,CHANGE LABEL,,GT3-04,03 RHS,12
,443,5H0827469AFDPJ,5H0827469AFDPJ ,RELEASE MECHANISM,CHECK RACK,,GT4-47,05 LHS,22
,433,N10609204,N  10609204,HEXAGON FLANGE NUT,CHECK RACK,,GT5-03,05 LHS,22
,434,N90456002,N  90456002,HEXAGON FLANGE NUT,CHECK RACK,,GT5-09,05 LHS,22
,432,WHT008415,WHT008415,SPACER,CHECK RACK,,GT5-10,05 LHS,22
,431,WHT010241,WHT010241,TRIPLE SQUARE BOLT,CHECK RACK,,GT5-11,05 LHS,22
,436,5H0959561CHTJA,5H0959561CHTJA,SWITCH,CHECK RACK,,GT5-12,05 RHS,22
,435,5Q0951172D,5Q0951172C,"SENSOR,ATAS",CHECK RACK,,GT5-13,05 RHS,22
,439,5WA971243A,5WA971243A,GROUND STRAP,CHECK RACK,,GT5-17,05 RHS,22
,437,N10653101,N  10653101,HEXAGON FLANGE BOL T,CHECK RACK,,GT5-18,05 RHS,22
,438,5QS971882,5QS971882,EDGE PROTECTION,CHECK RACK,,GT5-19,05 RHS,22
,441,N10786101,N  10786101,12-POINT SOCKET FL ANGE BOLT,CHECK RACK,,GT5-20,05 RHS,22
,442,5QS971226A,5QS971226A,"HARNESS,BATTERY",CHECK RACK,,GT5-21,05 RHS,22
,440,5QS959682D,5QS959682D,CONVERTER,CHECK RACK,,GT5-22,05 RHS,22
,322,5H6907455D,5H6907455D09,BRACKET,CHECK LOCATION,,GT9-42,04 RHS,16
,321,5H6907456D,5H6907456D09,BRACKET,CHECK GOLF,,GT9-43,04 RHS,15
,1068,4M08537405FQ,4M08537405FQ,TYPE SIGN,CHECK LOCATION,,T01-51,14 RHS,49
,670,WHT008002,WHT008002,COVER,CHECK LOCATION,,T03-13,3 LHS,32
,291,4M0907368C,4M0907368,"HOLDER,ELECTR. CONTR.UNIT",,,T03-16,03 LHS,14
,905,4M0825211J,4M0825211J,CD-ENHANCING UNDERBODY PANEL,WARENKOB,,T10-12,10 LHS,42
,917,4M0825205AA,4M0825205AA,CD-ENHANCING UNDERBODY PANEL,WARENKOB,,T10-20,10 LHS,42
,914,4M0825285R,4M0825285R,SHIELD,WARENKOB,,T10-23,10 LHS,42
,906,4M0825235BA,4M0825235BA,SHIELD,WARENKOB,,T10-27,10 LHS,42
,909,4M0821171AP,4M0821171AP,WHEEL HOUSING LINER,WARENKOB,,T10-32,10 LHS,42
,915,4M0821191G,4M0821191G,WHEEL HOUSING LINER 2,WARENKOB,,T10-34,10 LHS,42
,903,4M0810171J,4M0810171J,"WHEEL HOUSING LINER,REAR",WARENKOB,,T10-43,10 LHS,42
,913,4M0810172L,4M0810172L,"WHEEL HOUSING LINER,REAR",WARENKOB,,T10-44,10 LHS,42
,910,4M0804033G,4M0804033G,AIR DEFLECTOR,WARENKOB,,T10-45,10 LHS,42
,911,4M0825236AK,4M0825236AK,SHIELD,WARENKOB,,T10-47,10 LHS,42
,904,4M0807081B9B9,4M0807081B 9B9,"COVER,BUMPER",WARENKOB,,T10-56,10 RHS,42
,907,4M0825212H,4M0825212H,CD-ENHANCING UNDERBODY PANEL,WARENKOB,,T10-63,10 RHS,42
,912,4M0825206P,4M0825206P,CD-ENHANCING UNDERBODY PANEL,WARENKOB,,T10-67,10 RHS,42
,908,4M0821172AG,4M0821172AG,WHEEL HOUSING LINER,WARENKOB,,T10-70,10 RHS,42
,916,4M0821192H,4M0821192H,WHEEL HOUSING LINER 2,WARENKOB,,T10-71,10 RHS,42
,988,5Q0919279,5Q0919279,"LOUDSPEAKER,PARK DISTANCE CONTROL",CHECK PART,,T13-57,13 LHS,45
,125,4M0614724J,4M0614724J,BRAKE LINE,WARENKOB,,T1-36,01 LHS,7
,126,4M2614705R,4M2614705R,BRAKE LINE,WARENKOB,,T1-38,01 LHS,7
,127,4M2614706AD,4M2614706AD,BRAKE LINE,WARENKOB,,T1-39,01 LHS,7
,1100,4M0713079A,4M0713079A,COVER,CHECK LOCATION,,T13-96,13 RHS,52
,1082,4M0133849T,4M0133849T,"COVER,AIR CLEANER",CHECK RACK,,T14-31,14 RHS,51
,1080,4M0867607F4PK,4M0867607F 4PK,"LINING,TRUNK LID",WARENKOB,,T14-34,14 RHS,50
,1079,4M08679744PK,4M0867974  4PK,LINING,WARENKOB,,T14-41,14 RHS,50
,1077,4M0012021BR,4M0012021BR,TOOL KIT,WARENKOB,,T14-50,14 RHS,50
,1078,4M0012021BG,4M0012021BG,TOOL KIT,WARENKOB,,T14-51,14 RHS,50
,1062,4M8010009,4M8010009A,VEHICLE DATA LABEL,,,T14-60,14 LHS,49
,1067,4N0955235,4N0955235,CAP,CHECK PART,,T15-10,15 LHS,49
,1081,4M0864483P4PK,4M0864483P 4PK,"LINING, REAR END",CHECK RACK,,T15-12,15 RHS,51
,128,4M0827229B,4M0827229B,COVER,WARENKOB,,T1-52,01 RHS,7
,134,4M0827705,4M0827705,COVER SEAL,WARENKOB,,T1-53,01 RHS,7
,374,4M0863951B,4M0863951B,FILLER,WARENKOB,,T1-73,04 LHS,20
,152,4M0864440A,4M0864440A,TRIM,CHECK LOCATION,,T1-75,1 RHS,9
,133,4M0880741K,4M0880741K,CURTAIN AIRBAG,WARENKOB,,T2-14,02 LHS,7
,130,4M0860021B1P9,4M0860021B1P9,ROOF RAILS,WARENKOB,,T2-2,02 LHS,7
,129,4M0831721C,4M0831721C,DOOR SEAL,WARENKOB,,T2-7,02 LHS,7
,132,4M0839120D,4M0839120D,SEAL,WARENKOB,,T2-76,02 RHS,7
,131,4M0839119D,4M0839119D,SEAL,WARENKOB,,T2-8,02 LHS,7
,477,N90777702,N  90777702,"CLIP-ON NUT, PREV.  TORQUE TYPE",CHECK LOCATION,,T4-14,04 LHS,24
,371,4M0907341A,4M0907341A,BRACKET,WARENKOB,,T4-43,04 LHS,20
,376,4M0616203F,4M0616203F,PRESSURE ACCUMULATOR,WARENKOB,,T4-45,04 LHS,20
,379,4M0819803D,4M0819803D,REAR FOOTWELL AIR DUCT,WARENKOB,,T4-47,04 LHS,20
,372,4M0819821C,4M0819821C,REAR FOOTWELL AIR DUCT,WARENKOB,,T4-49,04 LHS,20
,375,4M0819805B,4M0819805B,REAR FOOTWELL AIR DUCT,WARENKOB,,T4-50,04 LHS,20
,1074,4M08272799B9,4M0827279  9B9,COVER,CHECK LOCATION,,T4-64,4 RHS,49
,1075,4M08272809B9,4M0827280  9B9,COVER,CHECK LOCATION,,T4-65,4 RHS,49
,377,4M0616204F,4M0616204F,PRESSURE ACCUMULATOR,WARENKOB,,T4-75,04 RHS,20
,378,4M0819804E,4M0819804E,REAR FOOTWELL AIR DUCT,WARENKOB,,T4-76,04 RHS,20
,370,4M0819822C,4M0819822C,REAR FOOTWELL AIR DUCT,WARENKOB,,T4-77,04 RHS,20
,373,4M0819806B,4M0819806B,REAR FOOTWELL AIR DUCT,WARENKOB,,T4-78,04 RHS,20
,302,4M0035399Q,4M0035399Q,LOUDSPEAKER,CHECK LOCATION,,T5-16,05 LHS,15
,369,4M08571854PK,4M0857185  4PK,TRIM,CHECK LOCATION,,T5-24,05 LHS,19
,550,4M2816740,4M281674,REFRIGERANT LINE,WARENKOB,,T6-20,6 LHS,27
,555,4M2819904B,4M2819904B,AIR INTAKE,WARENKOB,,T6-24,6 LHS,27
,552,4M2819979B,4M2819979B,DRIP RAIL,WARENKOB,,T6-28,6 LHS,27
,554,4M0816738M,4M0816738M,REFRIGERANT PIPE,WARENKOB,,T6-29,6 LHS,27
,553,4M0955448C,4M0955448C,WASHER FLUID RESERVOIR,WARENKOB,,T6-30,6 LHS,27
,523,N10009207,N10009207,HEXAGON HEAD BOLT WITH WASHER,CHECK GOLF,,T6-34,6 LHS,26
,547,4M0819523A,4M0819523A,PLENUM CHAMBER BULKHEAD,WARENKOB,,T6-39,6 LHS,27
,551,4M2819350,4M281935,HEATING HOSE,WARENKOB,,T6-41,6 LHS,27
,549,4M0806303H,4M0806303H,STRUT,WARENKOB,,T6-51,6 LHS,27
,548,4M0864831AD,4M0864831AD,"TRIM, DASH PANEL",WARENKOB,,T6-53,6 LHS,27
,556,4M0825621K,4M0825621K,"HEAT SHIELD, CROSS PANEL",WARENKOB,,T6-55,6 LHS,27
,484,4M0854327B01C,4M0854327B01C,WATER DEFLECTOR STRIP,CHANGE LOCATION KANBAN,,T6-64,05 LHS,24
,486,4M0854328B01C,4M0854328B01C,WATER DEFLECTOR STRIP,CHANGE LOCATION KANBAN,,T6-65,05 LHS,24