,No.,Material,Part Name,Storage Bin,Tact,Box 1,Box 2,Box 3,Box 4,Box 5,Recount 1,Recount 2,Recount 3,Recount 4,Recount 5,Status,,Verify By,Remark
,1,4M0820004,HEAT EXCHANGER 2,CC-1,CONSOLE,4,12,,,,,,,,,Counted,,,
,2,4M8864981A 4PK,INSERT,CC-10,CONSOLE,48,,,,,,,,,,Counted,,,
,3,4M8863244N KND,CENTER CONSOLE,CC-13,CONSOLE,16,,,,,,,,,,Counted,,,
,4,4N0919603M,VISUAL DISPLAY,CC-20,CONSOLE,4,6,,,,,,,,,Counted,,,
,5,4M2990974D,HARNESSES,CC-30,CONSOLE,0,7,,,,,,,,,Counted,,,"ECN, 
CHANGE TU PART NO 4M2990974A"
,6,4M0863243C,CENTER CONSOLE,CC-4,CONSOLE,18,,,,,,,,,,Counted,,,
,7,4M8864147 6PS,TRIM,CC-41,CONSOLE,18,,,,,,,,,,Counted,,,
,8,4M8863305 6PS,SIDE TRIM PANEL,CC-44,CONSOLE,9,,,,,,,,,,Counted,,,
,9,4M8863306 6PS,SIDE TRIM PANEL,CC-45,CONSOLE,10,,,,,,,,,,Counted,,,
,10,4M8864207K SLI,ARM REST,CC-46,CONSOLE,12,30,,,,,,,,,Counted,,,
,11,4M8864283,"SUPPORT BASE, LOWER",CC-5,CONSOLE,10,12,,,,,,,,,Counted,,,
,12,4M8863531C,ANGLE BRACKET,CC-7,CONSOLE,18,,,,,,,,,,Counted,,,
,13,4M0407241AA,STEERING KNUCKLE,CM-1,CM,5,,,,,,,,,,Counted,,,
,14,4M0407242AA,STEERING KNUCKLE,CM-10,CM,5,,,,,,,,,,Counted,,,
,15,4M0615106JS,BRAKE CALIPER,CM-12,CM,5,,,,,,,,,,Counted,,,
,16,4M0616039BF,AIR SHOCK ABSORBER,CM-15,CM,24,,,,,,,,,,Counted,,,
,17,4M0615301AS,BRAKE ROTOR,CM-4,CM,12,,,,,,,,,,Counted,,,
,18,4M0615105JS,BRAKE CALIPER,CM-6,CM,4,,,,,,,,,,Counted,,,
,19,4M0399315T,SUBFRAME,FA-1,FRONT AXLE,11,,,,,,,,,,Counted,,,
,20,4M2399345F,REINFORCEMENT,FA-14,FRONT AXLE,27,,,,,,,,,,Counted,,,
,21,4M0411305B,STABILIZER BAR,FA-17,FRONT AXLE,28,,,,,,,,,,Counted,,,
,22,4M0407693F,GUIDING CONTROL ARM,FA-6,FRONT AXLE,12,,,,,,,,,,Counted,,,
,23,4M0407694F,GUIDING CONTROL ARM,FA-8,FRONT AXLE,13,,,,,,,,,,Counted,,,
,24,4M2423055AT,POWER STEERING GEAR,FA-9,FRONT AXLE,10,,,,,,,,,,Counted,,,
,25,4M0511305BE,STABILIZER BAR,RA-1,REAR AXLE,12,,,,,,,,,,Counted,,,
,26,4M0505311J,TRACK CONTROL ARM,RA-15,REAR AXLE,26,,,,,,,,,,Counted,,,
,27,4M0501201D,HALF SHAFT,RA-21,REAR AXLE,29,,,,,,,,,,Counted,,,
,28,4M0505431AN,HUB CARRIER,RA-24,REAR AXLE,9,,,,,,,,,,Counted,,,
,29,4M0505432AN,HUB CARRIER,RA-28,REAR AXLE,9,,,,,,,,,,Counted,,,
,30,4M0505397P,TRACK CONTROL ARM,RA-29,REAR AXLE,32,,,,,,,,,,Counted,,,
,31,0G2500043B,REAR DIFFERENTIAL,RA-3,REAR AXLE,11,,,,,,,,,,Counted,,,
,32,4M0505398P,TRACK CONTROL ARM,RA-32,REAR AXLE,31,,,,,,,,,,Counted,,,
,33,4M0501055AJ,STEERING GEAR,RA-33,REAR AXLE,15,,,,,,,,,,Counted,,,
,34,4M0505323G,TRACK CONTROL ARM,RA-40,REAR AXLE,134,,,,,,,,,,Counted,,,
,35,4M0615601P,BRAKE ROTOR,RA-45,REAR AXLE,32,,,,,,,,,,Counted,,,
,36,4M0615405GB,SLIDING-CALIPER BRAKE,RA-48,REAR AXLE,8,,,,,,,,,,Counted,,,
,37,4M0615406GB,SLIDING-CALIPER BRAKE,RA-51,REAR AXLE,10,,,,,,,,,,Counted,,,
,38,4M0513021BL,REAR SHOCK ABSORBER,RA-67,REAR AXLE,10,12,4,,,,,,,,Counted,,,
,39,4M0616001AK,AIR SPRING MODULE,RA-68,REAR AXLE,33,,,,,,,,,,Counted,,,
,40,4M0616002AK,AIR SPRING MODULE,RA-69,REAR AXLE,27,,,,,,,,,,Counted,,,
,41,443407357B,SHIM,RA-22,REAR AXLE,120,,,,,,,,,,Counted,,,
,42,4K0919158D V58,OPERATING DEVICE,CC-43,CONSOLE,4,18,,,,,,,,,Verified,,FAIZ,
,43,4M0199371HA,ENGINE MOUNT,FA-28,FRONT AXLE,9,,,,,,,,,,Counted,,,
,44,4M0199372HA,ENGINE MOUNT,FA-31,FRONT AXLE,8,,,,,,,,,,Counted,,,
,45,4M0399299E,SHIELD,FA-38,FRONT AXLE,14,,,,,,,,,,Counted,,,
,46,4M0399300E,SHIELD,FA-40,FRONT AXLE,14,,,,,,,,,,Counted,,,
,47,4M0407151L,TRACK CONTROL ARM,FA-2,FRONT AXLE,10,,,,,,,,,,Counted,,,
,48,4M0407152L,TRACK CONTROL ARM,FA-5,FRONT AXLE,10,,,,,,,,,,Counted,,,
,49,4M0411336,CLAMP,FA-18,FRONT AXLE,15,,,,,,,,,,Counted,,,
,50,4M0413037H,SHOCK ABSORBING FORK,CM-14,CM,10,,,,,,,,,,Counted,,,
,51,4M0413038H,SHOCK ABSORBING FORK,CM-19,CM,10,,,,,,,,,,Counted,,,
,52,4M0423811D,OUTER JOINT,FA-21,FRONT AXLE,16,,,,,,,,,,Counted,,,
,53,4M0423812D,OUTER JOINT,FA-23,FRONT AXLE,16,,,,,,,,,,Counted,,,
,54,4M0501529L,TIE ROD,RA-35,REAR AXLE,37,,,,,,,,,,Counted,,,
,55,4M0505235CH,SUBFRAME,RA-5,REAR AXLE,6,,,,,,,,,,Counted,,,
,56,4M0505291F,TRACK CONTROL ARM,RA-12,REAR AXLE,10,,,,,,,,,,Counted,,,
,57,4M0505292F,TRACK CONTROL ARM,RA-14,REAR AXLE,10,,,,,,,,,,Counted,,,
,58,4M0505465D,COUPLING ROD,RA-54,REAR AXLE,12,,,,,,,,,,Counted,,,
,59,4M0599273G,BEARING,RA-4,REAR AXLE,11,,,,,,,,,,Counted,,,
,60,4M0611775B,BRAKE HOSE,RA-47,REAR AXLE,30,,,,,,,,,,Counted,,,
,61,4M0611845P,"BRACKET,BRAKE HOSE",CM-8,CM,31,,,,,,,,,,Counted,,,
,62,4M0611845Q,"BRACKET,BRAKE HOSE",CM-16,CM,42,,,,,,,,,,Counted,,,
,63,4M0611846P,"BRACKET,BRAKE HOSE",CM-13,CM,28,,,,,,,,,,Counted,,,
,64,4M0611846Q,"BRACKET,BRAKE HOSE",CM-20,CM,30,,,,,,,,,,Counted,,,
,65,4M0615311E,COVER,CM-2,CM,29,,,,,,,,,,Counted,,,
,66,4M0615312E,COVER,CM-11,CM,53,,,,,,,,,,Counted,,,
,67,4M0615611C,COVER,RA-43,REAR AXLE,36,,,,,,,,,,Counted,,,
,68,4M0615612C,COVER,RA-50,REAR AXLE,21,,,,,,,,,,Counted,,,
,69,4M0616711A,LINE,RA-65,REAR AXLE,41,,,,,,,,,,Counted,,,
,70,4M0616712A,LINE,RA-64,REAR AXLE,41,,,,,,,,,,Counted,,,
,71,4M0815215A,AIR DEFLECTOR,CC-3,CONSOLE,20,,,,,,,,,,Counted,,,
,72,4M0907249C,"HOLDER,ELECTR. CONTR.UNIT",RA-61,REAR AXLE,48,,,,,,,,,,Counted,,,
,73,4M0907273B,TIRE PRESSURE MONITOR CTRL.UNIT,RA-62,REAR AXLE,120,,,,,,,,,,Counted,,,
,74,4M0919309B,OUTLET,CC-38,CONSOLE,79,,,,,,,,,,Counted,,,
,75,4M0927807C,SPEED SENSOR,RA-41,REAR AXLE,128,,,,,,,,,,Counted,,,
,76,4M0941285D,LINKAGE,FA-34,FRONT AXLE,36,,,,,,,,,,Counted,,,
,77,4M0941286D,LINKAGE,FA-36,FRONT AXLE,12,,,,,,,,,,Counted,,,
,78,4M0941309L,SENSOR,RA-9,REAR AXLE,12,,,,,,,,,,Counted,,,
,79,4M0941310K,SENSOR,RA-11,REAR AXLE,16,,,,,,,,,,Counted,,,
,80,4M0971165E,HARNESS,RA-66,REAR AXLE,17,,,,,,,,,,Counted,,,
,81,4M0971845AC,BRACKET,FA-32,FRONT AXLE,38,,,,,,,,,,Counted,,,
,82,4M0971845AR,BRACKET,RA-58,REAR AXLE,30,,,,,,,,,,Counted,,,
,83,4M0971846J,BRACKET,RA-60,REAR AXLE,7,,,,,,,,,,Counted,,,
,84,4M2971111Q,HARNESS ELECTRIC STEERING,FA-10,FRONT AXLE,9,,,,,,,,,,Counted,,,
,85,4M2971565,"HARNESS,AIR CONDITIONER",CC-2,CONSOLE,46,,,,,,,,,,Counted,,,
,86,4M8713041D,SHIFT MECHANISM,CC-15,CONSOLE,6,22,,,,,,,,,Counted,,,
,87,4M8819203B 6PS,VENT,CC-48,CONSOLE,9,,,,,,,,,,Counted,,,
,88,4M8862533D 4PK,BEVERAGE HOLDER,CC-25,CONSOLE,11,,,,,,,,,,Counted,,,
,89,4M8863276A V58,COVER,CC-27,CONSOLE,4,48,,,,,,,,,Counted,,,
,90,4M8863324E V58,TRIM,CC-34,CONSOLE,6,23,,,,,,,,,Counted,,,
,91,4M8863440 6PS,TRIM,CC-36,CONSOLE,13,,,,,,,,,,Counted,,,
,92,4M8863915C 24A,TRIM,CC-49,CONSOLE,28,,,,,,,,,,Counted,,,
,93,4M8864132 4PK,STORAGE COMPARTMENT,CC-47,CONSOLE,97,,,,,,,,,,Counted,,,
,94,4M8971411A,"HARNESS,ADAPTER CABLE",CC-35,CONSOLE,38,,,,,,,,,,Counted,,,
,95,4N0035502B,ANTENNA,CC-11,CONSOLE,18,,,,,,,,,,Counted,,,
,96,4N0825429,CLIP,FA-27,FRONT AXLE,68,67,,,,,,,,,Counted,,,
,97,4N0925301B,SWITCH MODULE,CC-21,CONSOLE,6,11,,,,,,,,,Counted,,,
,98,4N0927225B,SWITCH,CC-29,CONSOLE,28,,,,,,,,,,Counted,,,
,99,4N0959673J,SWITCH MODULE,CC-17,CONSOLE,58,,,,,,,,,,Counted,,,
,100,4N1035727,SOCKET HOUSING,CC-12,CONSOLE,10,,,,,,,,,,Counted,,,
,101,4N1035954A,CONVERTER,CC-39,CONSOLE,10,,,,,,,,,,Counted,,,
,102,4N2713111E MNC,COVER,CC-28,CONSOLE,28,,,,,,,,,,Counted,,,
,103,4N2919600A,OPERATING DEVICE,CC-19,CONSOLE,6,6,,,,,,,,,Counted,,,
,104,6H0957818,CABLE TIE BASE,RA-63,REAR AXLE,239,,,,,,,,,,Counted,,,
,105,83A905217,TIP SWITCH,CC-18,CONSOLE,18,,,,,,,,,,Counted,,,
,106,85H919311,COVER,CC-26,CONSOLE,19,,,,,,,,,,Counted,,,
,107,85H919311A,COVER,CC-40,CONSOLE,45,,,,,,,,,,Counted,,,
,108,85H919340,FASTENER,CC-37,CONSOLE,47,,,,,,,,,,Counted,,,
,109,8E0831575B,FOAM STRIP,CC-24,CONSOLE,9,,,,,,,,,,Counted,,,
,110,N 01116417,HEX.NUT,FA-20,FRONT AXLE,247,,,,,,,,,,Counted,,,
,111,N 01474011,SOCKET HEAD CAP BOLT,RA-42,REAR AXLE,32,,,,,,,,,,Counted,,,
,112,N 01508210,HEXAGON FLANGE NUT,FA-37,FRONT AXLE,69,,,,,,,,,,Counted,,,
,113,N 01508210,HEXAGON FLANGE NUT,RA-57,REAR AXLE,135,,,,,,,,,,Counted,,,
,114,N 10106402,PREV.TORQUE TYPE HEX.NUT W.FLANGE,CM-18,CM,280,,,,,,,,,,Counted,,,
,115,N 10106403,PREV.TORQUE TYPE HEX.NUT W.FLANGE,RA-56,REAR AXLE,135,,,,,,,,,,Counted,,,
,116,N 10261311,HEXAGON FLANGE NUT,FA-19,FRONT AXLE,218,,,,,,,,,,Counted,,,
,117,N 10272202,HEXAGON HEAD BOLT WITH WASHER,CM-17,CM,122,,,,,,,,,,Counted,,,
,118,N 10272302,PREV.TORQUE TYPE HEX.NUT W.FLANGE,RA-53,REAR AXLE,127,,,,,,,,,,Counted,,,
,119,N 10640901,HEXAGON FLANGE BOL T,RA-8,REAR AXLE,20,,,,,,,,,,Counted,,,
,120,N 10648301,HEXALOBULAR SOCKET FLAT HEAD SCREW,CM-5,CM,177,,,,,,,,,,Counted,,,
,121,N 10648301,HEXALOBULAR SOCKET FLAT HEAD SCREW,RA-46,REAR AXLE,26,,,,,,,,,,Counted,,,
,122,N 10653201,HEXAGON FLANGE BOLT,FA-39,FRONT AXLE,961,,,,,,,,,,Counted,,,
,123,N 10671702,HEXAGON HEAD BOLT WITH WASHER,CC-16,CONSOLE,88,,,,,,,,,,Counted,,,
,124,N 10684301,HEXAGON FLANGE BOLT,RA-10,REAR AXLE,349,,,,,,,,,,Counted,,,
,125,N 10734101,HEXAGON FLANGE BOL T,CC-22,CONSOLE,199,,,,,,,,,,Counted,,,
,126,N 10741402,HEXALOBULAR SOCKET SCREW WITH FLANGE,CM-3,CM,280,,,,,,,,,,Counted,,,
,127,N 10741402,HEXALOBULAR SOCKET SCREW WITH FLANGE,RA-44,REAR AXLE,655,,,,,,,,,,Counted,,,
,128,N 10810701,12-POINT SOCKET FLANGE BOLT,RA-52,REAR AXLE,217,,,,,,,,,,Counted,,,
,129,N 10815401,HEXAGON FLANGE BOLT,RA-59,REAR AXLE,32,,,,,,,,,,Counted,,,
,130,N 10817601,DUO HEXAGON FLANGE BOLT,FA-7,FRONT AXLE,60,,,,,,,,,,Counted,,,
,131,N 90097204,TRIPLE SQUARE BOLT,RA-23,REAR AXLE,156,,,,,,,,,,Counted,,,
,132,N 90696702,HEXAGON HEAD BOLT WITH WASHER,FA-30,FRONT AXLE,36,,,,,,,,,,Counted,,,
,133,N 90729003,HEXALOBULAR SOCKET SCREW W.WASHER,CC-9,CONSOLE,366,,,,,,,,,,Counted,,,
,134,N 90732103,FLANGE SCREW FOR TP,CC-14,CONSOLE,53,,,,,,,,,,Counted,,,
,135,N 90918702,FLANGE SCREW FOR TP,CC-23,CONSOLE,242,,,,,,,,,,Counted,,,
,136,N 90986802,FLANGE TAPPING SCREW,CC-8,CONSOLE,232,,,,,,,,,,Counted,,,
,137,N 90999502,HEXAGON FLANGE BOLT,FA-35,FRONT AXLE,88,,,,,,,,,,Counted,,,
,138,N 91016602,HEXAGON HEAD BOLT WITH WASHER,RA-34,REAR AXLE,134,,,,,,,,,,Counted,,,
,139,N 91021102,TRIPLE SQUARE PAN HEAD BOLT,CM-9,CM,108,,,,,,,,,,Counted,,,
,140,N 91126801,HEXAGON FLANGE SCREW W.WASHER,RA-49,REAR AXLE,164,,,,,,,,,,Counted,,,
,141,N 91147601,HEXAGON FLANGE SCREW W.WASHER,CM-7,CM,160,,,,,,,,,,Counted,,,
,142,N 91151101,HEXAGON HEAD BOLT WITH WASHER,FA-16,FRONT AXLE,481,,,,,,,,,,Counted,,,
,143,N 91157401,HEXAGON FLANGE NUT,RA-7,REAR AXLE,50,,,,,,,,,,Counted,,,
,144,N 91193901,HEXAGON HEAD SCREW FOR TP,CC-42,CONSOLE,154,,,,,,,,,,Counted,,,
,145,N 91201301,HEXAGON HEAD BOLT WITH WASHER,RA-6,REAR AXLE,34,,,,,,,,,,Counted,,,
,146,N 91205601,DUO HEXAGON FLANGE BOLT,FA-33,FRONT AXLE,85,,,,,,,,,,Counted,,,
,147,N 91208802,TRIPLE SQUARE PAN HEAD BOLT,FA-25,FRONT AXLE,107,,,,,,,,,,Counted,,,
,148,N 91228901,HEXAGON HEAD BOLT WITH WASHER,RA-13,REAR AXLE,509,,,,,,,,,,Counted,,,
,149,N 91229001,12-POINT SOCKET BOLT WITH WASHER,RA-30,REAR AXLE,257,,,,,,,,,,Counted,,,
,150,N 91236301,HEXAGON FLANGE SCREW W.WASHER,RA-25,REAR AXLE,23,,,,,,,,,,Counted,,,
,151,N 91237101,HEXAGON FLANGE SCREW W.WASHER,RA-55,REAR AXLE,86,,,,,,,,,,Counted,,,
,152,N 91242501,"CLIP-ON NUT, PREV. TORQUE TYPE",FA-26,FRONT AXLE,233,,,,,,,,,,Counted,,,
,153,N 91246701,12-POINT SOCKET FLANGE BOLT,FA-29,FRONT AXLE,273,,,,,,,,,,Counted,,,
,154,WHT001987,PREV.TORQUE HEX. C LAMP NUT W.WASHER,FA-4,FRONT AXLE,260,,,,,,,,,,Counted,,,
,155,WHT002305,SQUARE NUT,FA-12,FRONT AXLE,176,,,,,,,,,,Counted,,,
,156,WHT005338,HEXALOBULAR SOCKET SCREW WITH FLANGE,CC-6,CONSOLE,195,,,,,,,,,,Counted,,,
,157,WHT005372,12-POINT SOCKET BO LT WITH WASHER,FA-15,FRONT AXLE,73,,,,,,,,,,Counted,,,
,158,WHT006496,HEXAGON FLANGE SCR EW W.WASHER,RA-31,REAR AXLE,31,,,,,,,,,,Counted,,,
,159,WHT006662,HEXAGON HEAD BOLT WITH WASHER,FA-11,FRONT AXLE,37,,,,,,,,,,Counted,,,
,160,WHT007028,12 POINT BOLT,FA-3,FRONT AXLE,74,,,,,,,,,,Counted,,,
,161,WHT007041A,ECCENTRIC WASHER,RA-38,REAR AXLE,20,,,,,,,,,,Counted,,,
,162,WHT007043,ECCENTRIC WASHER,RA-17,REAR AXLE,87,,,,,,,,,,Counted,,,
,163,WHT007090,ECCENTRIC BOLT,RA-36,REAR AXLE,1,,,,,,,,,,Counted,,,
,164,WHT007096,12-POINT FLANGE BO LT W. WASHER,RA-27,REAR AXLE,64,,,,,,,,,,Counted,,,
,165,WHT007828,PREV.TORQUE TYPE H EX.NUT W.FLANGE,RA-39,REAR AXLE,269,,,,,,,,,,Counted,,,
,166,WHT008016,ECCENTRIC BOLT,RA-16,REAR AXLE,54,,,,,,,,,,Counted,,,
,167,WHT009363A,BOLT WITH WASHER,RA-26,REAR AXLE,39,,,,,,,,,,Counted,,,
,168,WHT010332,PREV.TORQUE TYPE HEX.NUT W.FLANGE,RA-19,REAR AXLE,112,,,,,,,,,,Counted,,,
,169,4M0145334AB,AIR DEFLECTOR,FE-100,FRONTEND,17,,,,,,,,,,Counted,,,
,170,4M0941085E,HEADLAMP,FE-101,FRONTEND,2,4,,,,,,,,,Counted,,,
,171,4M0805607C,HEADLAMP MOUNTING,FE-102,FRONTEND,27,,,,,,,,,,Counted,,,
,172,4M0941086E,HEADLAMP,FE-108,FRONTEND,1,2,,,,,,,,,Counted,,,
,173,4M0805608C,HEADLAMP MOUNTING,FE-109,FRONTEND,9,,,,,,,,,,Counted,,,
,174,4M0805594F,PLASTIC FRONT-END CARRIER,FE-41,FRONTEND,5,,,,,,,,,,Counted,,,
,175,4M0823531B,BOWDEN CABLE,FE-45,FRONTEND,24,73,,,,,,,,,Counted,,,
,176,8W0121251AB,RADIATOR,FE-54,FRONTEND,13,,,,,,,,,,Counted,,,
,177,4M0816411Q,CONDENSER,FE-58,FRONTEND,16,,,,,,,,,,Counted,,,
,178,8W0121003H,FAN MODULE,FE-59,FRONTEND,16,,,,,,,,,,Counted,,,
,179,4M0121286F,AIR DEFLECTOR,FE-60,FRONTEND,52,,,,,,,,,,Counted,,,
,180,4M0145941E,CHARGE AIR PIPE,FE-70,FRONTEND,9,,,,,,,,,,Counted,,,
,181,4M0145803BP,CHARGE AIR COOLER,FE-75,FRONTEND,5,,,,,,,,,,Counted,,,
,182,4M0145804BR,CHARGE AIR COOLER,FE-78,FRONTEND,14,,,,,,,,,,Counted,,,
,183,4M0807109C,"BUMPER BAR,FRONT",FE-81,FRONTEND,16,,,,,,,,,,Counted,,,
,184,4M0121219E,RADIATOR BLIND,FE-82,FRONTEND,6,,,,,,,,,,Counted,,,
,185,4M0121285CL,"AIR DUCT ELEMENT, UPPER PART",FE-89,FRONTEND,3,51,,,,,,,,,Counted,,,
,186,4M0807550M,FOAM STRIP,FE-96,FRONTEND,23,,,,,,,,,,Counted,,,
,187,4M0145333AB,AIR DEFLECTOR,FE-99,FRONTEND,17,,,,,,,,,,Counted,,,
,188,867129669,GROMMET,FE-52,FRONTEND,427,,,,,,,,,,Counted,,,
,189,050129669C,GROMMET,FE-74,FRONTEND,3,190,,,,,,,,,Counted,,,
,190,3B0919136A,PLUG-IN BASE,FE-94,FRONTEND,679,,,,,,,,,,Counted,,,
,191,4D0133335,CAP,FE-62,FRONTEND,95,,,,,,,,,,Counted,,,
,192,4H0145219,SLEEVE,FE-77,FRONTEND,84,,,,,,,,,,Counted,,,
,193,4M0121081CN,COOLANT HOSE,FE-65,FRONTEND,27,,,,,,,,,,Counted,,,
,194,4M0121093,BRACKET,FE-84,FRONTEND,20,,,,,,,,,,Counted,,,
,195,4M0121095,CLAMP,FE-61,FRONTEND,123,,,,,,,,,,Counted,,,
,196,4M0121268A,BUFFER,FE-68,FRONTEND,143,,,,,,,,,,Counted,,,
,197,4M0121275A,BEARING,FE-55,FRONTEND,68,,,,,,,,,,Counted,,,
,198,4M0121283DT,AIR DEFLECTOR,FE-63,FRONTEND,12,36,,,,,,,,,Counted,,,
,199,4M0121284DT,AIR DEFLECTOR,FE-64,FRONTEND,39,,,,,,,,,,Counted,,,
,200,4M0121299,CAP,FE-88,FRONTEND,36,,,,,,,,,,Counted,,,
,201,4M0145551,COVER,FE-79,FRONTEND,39,,,,,,,,,,Counted,,,
,202,4M0145708H,PRESSURE HOSE,FE-73,FRONTEND,18,,,,,,,,,,Counted,,,
,203,4M0145944A,PRESSURE HOSE,FE-72,FRONTEND,60,,,,,,,,,,Counted,,,
,204,4M0801939,BRACKET,FE-46,FRONTEND,33,,,,,,,,,,Counted,,,
,205,4M0801940,BRACKET,FE-50,FRONTEND,31,,,,,,,,,,Counted,,,
,206,4M0804051,REINFORCEMENT,FE-48,FRONTEND,100,,,,,,,,,,Counted,,,
,207,4M0804285,BRACKET,FE-47,FRONTEND,34,,,,,,,,,,Counted,,,
,208,4M0804286,BRACKET,FE-51,FRONTEND,67,,,,,,,,,,Counted,,,
,209,4M0820536A,BRACKET,FE-98,FRONTEND,95,,,,,,,,,,Counted,,,
,210,4M0823509C,HOOD LATCH,FE-93,FRONTEND,31,,,,,,,,,,Counted,,,
,211,4M0823529E,RELEASE MECHANISM,FE-90,FRONTEND,1,11,,,,,,,,,Counted,,,
,212,4M0857551S 2O9,SUN VISOR,MH-14,HEADLINER,4,8,,,,,,,,,Counted,,,
,213,4M0857552K 2O9,SUN VISOR,MH-16,HEADLINER,2,8,5,,,,,,,,Counted,,,
,214,4M0861303A 4PK,TRIM,MH-7,HEADLINER,84,,,,,,,,,,Counted,,,
,215,4M0861304A 4PK,TRIM,MH-9,HEADLINER,70,,,,,,,,,,Counted,,,
,216,4M0861305A 4PK,TRIM,MH-6,HEADLINER,83,,,,,,,,,,Counted,,,
,217,4M0861306A 4PK,TRIM,MH-8,HEADLINER,86,,,,,,,,,,Counted,,,
,218,4M0867899A,MOUNTING PART,MH-11,HEADLINER,46,,,,,,,,,,Counted,,,
,219,4M0867901A,MOUNTING PART,MH-15,HEADLINER,43,,,,,,,,,,Counted,,,
,220,4M0867902A,MOUNTING PART,MH-17,HEADLINER,43,,,,,,,,,,Counted,,,
,221,4M0868149 4PK,LOUDSPEAKER GRILLE,MH-2,HEADLINER,28,,,,,,,,,,Counted,,,
,222,4M0868150 4PK,LOUDSPEAKER GRILLE,MH-4,HEADLINER,3,,,,,,,,,,Counted,,,
,223,4M0941717,HOSE,FE-107,FRONTEND,40,,,,,,,,,,Counted,,,
,224,4M0941718,HOSE,FE-110,FRONTEND,41,,,,,,,,,,Counted,,,
,226,4M0947111 6PS,INTERIOR LIGHT,MH-18,HEADLINER,43,,,,,,,,,,Counted,,,
,227,4M0951209,HORN W.BRACKET,FE-42,FRONTEND,14,,,,,,,,,,Counted,,,
,228,4M0951210,HORN W.BRACKET,FE-44,FRONTEND,17,,,,,,,,,,Counted,,,
,229,4M0971100L,"HARNESS, ROOF",MH-5,HEADLINER,16,,,,,,,,,,Counted,,,
,230,4M0971677C,"HARNESS,CRASH SENSOR",FE-106,FRONTEND,30,,,,,,,,,,Counted,,,
,231,4N0145769A,RETAINING CLIP,FE-80,FRONTEND,550,,,,,,,,,,Counted,,,
,232,4N0959651F,FRONT SENSOR,FE-104,FRONTEND,26,320,,,,,,,,,Counted,,,
,233,5N0867633A,CLAMP,MH-19,HEADLINER,0,,,,,,,,,,Counted,,Part sudah pasang pada Headliner,
,234,7P0121276,BUFFER,FE-56,FRONTEND,160,26,,,,,,,,,Counted,,,
,235,7P0121365,BEARING SLEEVE,FE-57,FRONTEND,66,,,,,,,,,,Counted,,,
,236,8K0129734A,SPACER,FE-53,FRONTEND,270,27,,,,,,,,,Counted,,,
,237,8K0805399B,FLAT HEAD SELF-TAPPING SCREW,FE-69,FRONTEND,295,,,,,,,,,,Counted,,,
,238,8Z0820535B,OUTER SENSOR,FE-97,FRONTEND,57,,,,,,,,,,Counted,,,
,239,N 10650701,HEXALOBULAR SOCKET HEAD CAP BOLT,FE-43,FRONTEND,136,,,,,,,,,,Counted,,,
,240,N 10666302,FILLISTER HEAD SELF-TAPPING SCREW,MH-12,HEADLINER,223,,,,,,,,,,Counted,,,
,241,N 90060203,HEXALOBULAR SOCKET SCREW,MH-3,HEADLINER,186,,,,,,,,,,Counted,,,
,242,N 90653901,U-CLAMP,FE-92,FRONTEND,124,,,,,,,,,,Counted,,,
,243,N 90684704,HEXALOBULAR SOCKET SCREW W.WASHER,FE-103,FRONTEND,155,,,,,,,,,,Counted,,,
,244,N 90993603,HEXALOBULAR SOCKET SCREW W.WASHER,FE-83,FRONTEND,217,,,,,,,,,,Counted,,,
,245,N 90999502,HEXAGON FLANGE BOLT,FE-91,FRONTEND,96,,,,,,,,,,Counted,,,
,246,N 91071702,HEXALOBULAR SOCKET PAN HEAD SCREW,FE-71,FRONTEND,142,,,,,,,,,,Counted,,,
,247,N 91071702,HEXALOBULAR SOCKET PAN HEAD SCREW,FE-105,FRONTEND,0,,,,,,,,,,Counted,,,
,248,N 91148201,HEXALOBULAR SOCKET PAN HEAD SCREW,FE-67,FRONTEND,79,56,,,,,,,,,Counted,,,
,249,N 91186001,DUO BOLT W.WASHER,FE-95,FRONTEND,72,,,,,,,,,,Counted,,,
,250,N 91199401,HEXALOBULAR SOCKET PAN HEAD SCREW,FE-76,FRONTEND,4,100,,,,,,,,,Counted,,,
,251,N 91215101,12-POINT SOCKET BO LT WITH WASHER,FE-49,FRONTEND,59,,,,,,,,,,Counted,,,
,252,WHT002535,BLIND RIVET NUT,FE-85,FRONTEND,0,,,,,,,,,,Counted,,tidak guna part ini,
,253,06M100021JT,ENGINE,ED-1,ED,6,,,,,,,,,,Counted,,,
,254,06M911022D,STARTER,ED-11,ED,6,,,,,,,,,,Counted,,,
,255,0D5300041F,TRANSMISSION,ED-2,ED,4,,,,,,,,,,Counted,,,
,256,8W0816803A,AIR CONDITIONING COMPRESSOR,ED-24,ED,51,,,,,,,,,,Counted,,,
,257,06M903143AK,BRACKET,ED-28,ED,3,,,,,,,,,,Counted,,,
,258,4M0903028,ALTERNATOR,ED-31,ED,18,,,,,,,,,,Counted,,,
,259,4M0122055CR,COOLANT HOSE,ED-78,ED,7,,,,,,,,,,Counted,,,
,260,4M0407271AD,HALF SHAFT,PA-30,POWERTRAIN,16,,,,,,,,,,Counted,,,
,261,4M0253300Q,OUTLET PIPE,PA-45,POWERTRAIN,3,,,,,,,,,,Counted,,,
,262,4M4399263AB,CROSSMEMBER,PA-5,POWERTRAIN,24,1,,,,,,,,,Counted,,,
,263,4M0254200T,CONVERTER,PA-54,POWERTRAIN,8,,,,,,,,,,Counted,,,
,264,4M0253181CD,FRONT MUFFLER/REAR MUFFLER,PA-59,POWERTRAIN,0,,,,,,,,,,Counted,,,
,265,4M0801387M,REINFORCEMENT,PA-7,POWERTRAIN,19,1,,,,,,,,,Counted,,,
,266,4M0201021EH,FUEL TANK,PA-66,POWERTRAIN,0,,,,,,,,,,Counted,,,
,267,893253353,COMPRESSION SPRING,PA-52,POWERTRAIN,36,,,,,,,,,,Counted,,,
,268,03G145291,CAP,ED-44,ED,66,,,,,,,,,,Counted,,,
,269,03L260817,CENTERING SLEEVE,ED-22,ED,594,,,,,,,,,,Counted,,,Data golf eD
,270,059903310B,DUST CAP,ED-48,ED,66,,,,,,,,,,Counted,,,
,271,059903343A,COVER,ED-52,ED,64,,,,,,,,,,Counted,,,
,272,06E103565B,COVER,ED-10,ED,44,,,,,,,,,,Counted,,,
,273,06M109185B,BRACKET,ED-95,ED,30,,,,,,,,,,Counted,,,
,274,06M129740D,BOOT,ED-80,ED,22,,,,,,,,,,Counted,,,
,275,06M260849L,V-RIBBED BELT,ED-50,ED,17,,,,,,,,,,Counted,,,
,276,06M260885M,"BRACKET,COMPRESSOR AIR CONDITION",ED-21,ED,11,,,,,,,,,,Counted,,,
,277,06M260938J,IDLER PULLEY,ED-47,ED,54,,,,,,,,,,Counted,,,
,278,06M903133AA,BELT TENSIONER,ED-45,ED,6,,,,,,,,,,Counted,,,
,279,06M903137AN,V-RIBBED BELT,ED-51,ED,3,,,,,,,,,,Counted,,,
,280,06M903315K,TENSIONING ELEMENT,ED-49,ED,24,,,,,,,,,,Counted,,,
,281,06M903341F,IDLER PULLEY,ED-43,ED,41,,,,,,,,,,Counted,,,
,282,06M903417F,"BRACKET,IDLER PULLEY",ED-41,ED,9,,,,,,,,,,Counted,,,
,283,06M906094,PLUG,ED-94,ED,46,,,,,,,,,,Counted,,,
,284,0D5301307,TUNED MASS DAMPER,ED-53,ED,9,,,,,,,,,,Counted,,,
,285,3D0971838L,CABLE TIE BASE,PA-22,POWERTRAIN,4,,,,,,,,,,Counted,,,
,286,443857991D 01C,INTERMEDIATE LAYER,PA-70,POWERTRAIN,296,,,,,,,,,,Counted,,,
,287,4A0253149B,BUMP STOP,PA-48,POWERTRAIN,58,,,,,,,,,,Counted,,,
,288,4B0253205C,SPACER TUBE,PA-51,POWERTRAIN,41,,,,,,,,,,Counted,,,
,289,4B0253205D,SPACER TUBE,PA-49,POWERTRAIN,44,,,,,,,,,,Counted,,,
,290,4H0121671D,VALVE,ED-57,ED,15,,,,,,,,,,Counted,,,
,291,4H0821213,MOUNTING CLIP,PA-57,POWERTRAIN,143,,,,,,,,,,Counted,,,
,292,4K0906121D,"CONTROL UNIT, FUEL PUMP",PA-67,POWERTRAIN,5,,,,,,,,,,Counted,,,
,293,4M0115301Q,OIL FILLER PIPE,ED-93,ED,23,,,,,,,,,,Counted,,,
,294,4M0121123E,COOLANT HOSE,PA-90,POWERTRAIN,90,3,,,,,,,,,Counted,,,
,295,4M0121123G,COOLANT HOSE,PA-97,POWERTRAIN,34,2,,,,,,,,,Counted,,,
,296,4M0121313BP,BRACKET,ED-59,ED,36,,,,,,,,,,Counted,,,
,297,4M0122050A,COOLANT HOSE,PA-95,POWERTRAIN,17,1,,,,,,,,,Counted,,,
,298,4M0122101DR,COOLANT HOSE,ED-76,ED,24,,,,,,,,,,Counted,,,
,299,4M0122447D,COOLANT HOSE,ED-71,ED,46,,,,,,,,,,Counted,,,
,300,4M0122449AC,COOLANT HOSE,ED-75,ED,55,,,,,,,,,,Counted,,,
,301,4M0145738BA,PRESSURE HOSE,ED-83,ED,17,,,,,,,,,,Counted,,,
,302,4M0145762J,CHARGE AIR PIPE,ED-81,ED,16,,,,,,,,,,Counted,,,
,303,4M0201391C,STRAP,PA-63,POWERTRAIN,3,,,,,,,,,,Counted,,,
,304,4M0201994AF,BREATHER PIPE,ED-18,ED,42,,,,,,,,,,Counted,,,
,305,4M0253099,BRACKET,PA-46,POWERTRAIN,23,,,,,,,,,,Counted,,,
,306,4M0317021G,OIL COOLER,ED-16,ED,6,3,,,,,,,,,Counted,,,
,307,4M0399115P,"SUPPORT,TRANSM.",ED-87,ED,0,,,,,,,,,,Counted,,,
,308,4M0399153AG,TRANSMISSION MOUNT,ED-88,ED,0,,,,,,,,,,Counted,,,
,309,4M0399291,STOP,ED-91,ED,55,,,,,,,,,,Counted,,,
,310,4M0407719E,SHIELD,PA-19,POWERTRAIN,46,,,,,,,,,,Counted,,,
,311,4M0407720E,SHIELD,PA-21,POWERTRAIN,46,,,,,,,,,,Counted,,,
,312,4M0411317L,COUPLING ROD,PA-14,POWERTRAIN,16,,,,,,,,,,Counted,,,
,313,4M0521443F,SHIELD,PA-62,POWERTRAIN,37,,,,,,,,,,Counted,,,
,314,4M0611931BL,VACUUM LINE,ED-84,ED,14,,,,,,,,,,Counted,,,
,315,4M0713045E,CONTROL CABLE,PA-78,POWERTRAIN,84,,,,,,,,,,Counted,,,
,316,4M0802037B,SIDE MEMBER,PA-26,POWERTRAIN,18,7,,,,,,,,,Counted,,,
,317,4M0802038D,SIDE MEMBER,PA-28,POWERTRAIN,36,4,,,,,,,,,Counted,,,
,318,4M0816181A,VALVE,PA-82,POWERTRAIN,36,1,,,,,,,,,Counted,,,
,319,4M0816721G,REFRIGERANT LINE,ED-25,ED,11,,,,,,,,,,Counted,,,
,320,4M0816725D,"REFRIGERANT LINE, CENTER",PA-84,POWERTRAIN,72,1,,,,,,,,,Counted,,,
,321,4M0816727D,"REFRIGERANT LINE, RR",PA-83,POWERTRAIN,72,1,,,,,,,,,Counted,,,
,322,4M0816743G,REFRIGERANT LINE,ED-26,ED,6,,,,,,,,,,Counted,,,
,323,4M0819342AF,HEATING HOSE,ED-79,ED,59,,,,,,,,,,Counted,,,
,324,4M0907731,"HOLDER,ELECTR. CONTR.UNIT",PA-68,POWERTRAIN,7,,,,,,,,,,Counted,,,
,325,4M0927803C,SPEED SENSOR,PA-72,POWERTRAIN,107,2,,,,,,,,,Counted,,,
,326,4M0971228CH,"HARNESS,BATTERY",ED-35,ED,6,,,,,,,,,,Counted,,,
,327,4M0971238B,GROUND CABLE,ED-37,ED,11,,,,,,,,,,Counted,,,
,328,4M0971348F,SPEED RECOGNITION SWITCH,ED-13,ED,29,,,,,,,,,,Counted,,,
,329,4M0971349M,"HARNESS,ALTERNATOR",ED-36,ED,14,,,,,,,,,,Counted,,,
,330,4M0971502Q,BRACKET,PA-80,POWERTRAIN,47,1,,,,,,,,,Counted,,,
,331,4M0971727S,"HARNESS, FUEL TANK",PA-69,POWERTRAIN,42,,,,,,,,,,Counted,,,
,332,4M8906265H,LAMBDA PROBE,PA-41,POWERTRAIN,11,2,,,,,,,,,Counted,,,
,333,4N0121056AJ,COOLANT HOSE,ED-67,ED,34,,,,,,,,,,Counted,,,
,334,4N0121305F,BRACKET,ED-55,ED,10,,,,,,,,,,Counted,,,
,335,4N0253141,CLAMPING SLEEVE,PA-60,POWERTRAIN,7,,,,,,,,,,Counted,,,
,336,4N0317801E,OIL LINE,ED-14,ED,20,,,,,,,,,,Counted,,,
,337,7P5145863,PLUG,ED-85,ED,56,,,,,,,,,,Counted,,,
,338,80A253295,TAB,PA-47,POWERTRAIN,14,,,,,,,,,,Counted,,,
,339,8E0253115C,SEAL,PA-55,POWERTRAIN,12,,,,,,,,,,Counted,,,
,340,8E0971818B,CABLE TIE BASE,PA-24,POWERTRAIN,40,6,,,,,,,,,Counted,,,"Kotak 2 ( 0) ,salah masuk count"
,341,8K0301257A,COVER,ED-9,ED,27,,,,,,,,,,Counted,,,
,342,8W0199307S,ENGINE SUPPORT,ED-38,ED,11,,,,,,,,,,Counted,,,
,343,8W0199308S,ENGINE SUPPORT,ED-40,ED,9,4,,,,,,,,,Counted,,,
,344,8W0253115G,SEAL,PA-40,POWERTRAIN,91,,,,,,,,,,Counted,,,
,345,8W0253725G,CLAMP,PA-39,POWERTRAIN,23,,,,,,,,,,Counted,,,
,346,8W0407357,SHIM,PA-43,POWERTRAIN,84,,,,,,,,,,Counted,,,
,347,8W0521142,SEAL,PA-42,POWERTRAIN,100,,,,,,,,,,Counted,,,
,348,8W0612797,MOUNTING CLIP,ED-86,ED,61,,,,,,,,,,Counted,,,
,349,N 01167026,WASHER,PA-53,POWERTRAIN,26,,,,,,,,,,Counted,,,
,350,N 01474011,SOCKET HEAD CAP BOLT,PA-73,POWERTRAIN,72,6,,,,,,,,,Counted,,,
,351,N 01508210,HEXAGON FLANGE NUT,ED-97,ED,1590,,,,,,,,,,Counted,,,
,352,N 01508210,HEXAGON FLANGE NUT,PA-87,POWERTRAIN,51,1,,,,,,,,,Counted,,,
,353,N 0195307,HEXAGON FLANGE BOL T,PA-8,POWERTRAIN,42,42,,,,,,,,,Counted,,,
,354,N 10106403,PREV.TORQUE TYPE HEX.NUT W.FLANGE,PA-75,POWERTRAIN,123,,,,,,,,,,Counted,,,
,355,N 10124309,HEXALOBULAR SOCKET PAN HEAD SCREW,ED-56,ED,144,,,,,,,,,,Counted,,,
,356,N 10196103,HEXALOBULAR SOCKET PAN HEAD SCREW,ED-17,ED,26,,,,,,,,,,Counted,,,
,357,N 10196103,HEXALOBULAR SOCKET PAN HEAD SCREW,PA-81,POWERTRAIN,325,9,,,,,,,,,Counted,,,
,358,N 10286110,PREV.TORQUE TYPE HEX.NUT W.FLANGE,PA-16,POWERTRAIN,210,31,44,,,,,,,,Counted,,,
,359,N 10314506,HEXAGON FLANGE BOLT,ED-12,ED,70,,,,,,,,,,Counted,,,
,360,N 10609201,HEXAGON FLANGE NUT,ED-34,ED,1606,,,,,,,,,,Counted,,,Data Golf eD
,361,N 10619001,TRIPLE SQUARE BOLT,ED-60,ED,65,,,,,,,,,,Counted,,,
,362,N 10623102,CABLE TIE,PA-23,POWERTRAIN,52,,,,,,,,,,Counted,,,
,363,N 10642101,HEXAGON FLANGE BOL T,PA-12,POWERTRAIN,5,,,,,,,,,,Counted,,,
,364,N 10653201,HEXAGON FLANGE BOLT,ED-96,ED,7,,,,,,,,,,Counted,,,
,365,N 10653201,HEXAGON FLANGE BOLT,PA-58,POWERTRAIN,14,24,,,,,,,,,Counted,,,
,366,N 10653601,HEXALOBULAR SOCKET HEAD CAP BOLT,ED-82,ED,16,,,,,,,,,,Counted,,,
,367,N 10672001,12-POINT SOCKET FL ANGE BOLT,PA-50,POWERTRAIN,128,,,,,,,,,,Counted,,,
,368,N 10697801,HEXAGON FLANGE BOLT,PA-6,POWERTRAIN,14,93,,,,,,,,,Counted,,,
,369,N 10702603,12-POINT SOCKET FLANGE BOLT,ED-39,ED,379,,,,,,,,,,Counted,,,
,370,N 10714501,12-POINT SOCKET FLANGE BOLT,ED-27,ED,56,,,,,,,,,,Counted,,,
,371,N 10719001,TRIPLE SQUARE BOLT,PA-44,POWERTRAIN,627,,,,,,,,,,Counted,,,
,372,N 10720402,12-POINT SOCKET FLANGE BOLT,ED-92,ED,176,,,,,,,,,,Counted,,,
,373,N 10723801,HEXALOBULAR SOCKET HEAD CAP BOLT,PA-85,POWERTRAIN,22,2,,,,,,,,,Counted,,,
,374,N 10755501,HEXAGON FLANGE BOLT,PA-79,POWERTRAIN,52,2,,,,,,,,,Counted,,,
,375,N 10784702,HEXAGON FLANGE BOLT,PA-33,POWERTRAIN,39,9,,,,,,,,,Counted,,,
,376,N 10826401,HEXALOBULAR SOCKET PAN HEAD SCREW,ED-23,ED,191,,,,,,,,,,Counted,,,
,377,N 90415405,PAN HEAD BOLT WITH WASHER,PA-20,POWERTRAIN,402,5,,,,,,,,,Counted,,,
,378,N 90441103,TRIPLE SQUARE BOLT,PA-31,POWERTRAIN,509,39,,,,,,,,,Counted,,,
,379,N 90686701,SPRING CLAMP,ED-19,ED,64,,,,,,,,,,Counted,,,
,380,N 90686901,SPRING CLAMP,ED-72,ED,341,,,,,,,,,,Counted,,,
,381,N 90686901,SPRING CLAMP,PA-91,POWERTRAIN,85,10,,,,,,,,,Counted,,,
,382,N 90687001,SPRING CLAMP,ED-68,ED,240,,,,,,,,,,Counted,,,
,383,N 90731503,FLANGE SCREW FOR TP,ED-58,ED,401,,,,,,,,,,Counted,,,
,384,N 90926501,SPRING CLAMP,ED-77,ED,125,,,,,,,,,,Counted,,,
,385,N 91032901,TRIPLE SQUARE PAN HEAD BOLT,ED-46,ED,6,,,,,,,,,,Counted,,,
,386,N 91071801,HEXAGON FLANGE BOL T,ED-32,ED,9,,,,,,,,,,Counted,,,
,387,N 91096701,HEXALOBULAR SOCKET PAN HEAD SCREW,ED-66,ED,44,,,,,,,,,,Counted,,,
,388,N 91096801,HEXALOBULAR SOCKET PAN HEAD SCREW,PA-27,POWERTRAIN,1070,,,,,,,,,,Counted,,,
,389,N 91126001,TRIPLE SQUARE BOLT,ED-29,ED,116,,,,,,,,,,Counted,,,
,390,N 91128701,TRIPLE SQUARE BOLT,ED-30,ED,392,,,,,,,,,,Counted,,,
,391,N 91129201,12-POINT FLANGE BOLT,ED-7,ED,93,,,,,,,,,,Counted,,,
,392,N 91129601,12-POINT FLANGE BOLT,ED-3,ED,42,,,,,,,,,,Counted,,,
,393,N 91129801,12-POINT FLANGE BOLT,ED-4,ED,50,,,,,,,,,,Counted,,,
,394,N 91130802,PREV.TORQUE TYPE HEX.NUT W.FLANGE,PA-56,POWERTRAIN,115,,,,,,,,,,Counted,,,
,395,N 91142201,12-POINT SOCKET FLANGE BOLT,ED-15,ED,29,,,,,,,,,,Counted,,,
,396,N 91143203,12-POINT FLANGE BOLT,ED-8,ED,397,,,,,,,,,,Counted,,,
,397,N 91150701,12-POINT FLANGE BOLT,ED-5,ED,89,,,,,,,,,,Counted,,,
,398,N 91153201,12-POINT FLANGE BOLT,ED-6,ED,47,,,,,,,,,,Counted,,,
,399,N 91157202,12-POINT SOCKET FL ANGE BOLT,ED-42,ED,7,,,,,,,,,,Counted,,,
,400,N 91157401,HEXAGON FLANGE NUT,ED-90,ED,45,,,,,,,,,,Counted,,,
,401,N 91157401,HEXAGON FLANGE NUT,PA-4,POWERTRAIN,4,25,,,,,,,,,Counted,,,
,402,N 91184301,HEXAGON FLANGE SCREW W.WASHER,PA-1,POWERTRAIN,97,120,7,,,,,,,,Counted,,,
,403,N 91203204,TRIPLE SQUARE PAN HEAD BOLT,ED-54,ED,79,,,,,,,,,,Counted,,,
,404,N 91205601,DUO HEXAGON FLANGE BOLT,PA-76,POWERTRAIN,122,,,,,,,,,,Counted,,,
,405,N 91208801,TRIPLE SQUARE PAN HEAD BOLT,ED-89,ED,27,,,,,,,,,,Counted,,,
,406,N 91228001,HEXAGON FLANGE SCREW W.WASHER,PA-9,POWERTRAIN,62,,,,,,,,,,Counted,,,
,407,N 91236401,HEXAGON FLANGE SCREW W.WASHER,PA-74,POWERTRAIN,104,,,,,,,,,,Counted,,,
,408,N 91237201,HEXAGON FLANGE SCREW W.WASHER,PA-10,POWERTRAIN,277,,,,,,,,,,Counted,,,
,409,N 91237901,HEXAGON FLANGE SCREW W.WASHER,PA-2,POWERTRAIN,4,43,,,,,,,,,Counted,,,
,410,N 91240001,12-POINT SOCKET BOLT WITH WASHER,PA-3,POWERTRAIN,180,9,,,,,,,,,Counted,,,
,411,N 91275001,12-POINT SOCKET BOLT WITH WASHER,PA-13,POWERTRAIN,8,8,,,,,,,,,Counted,,,
,412,N 91276501,TAP END STUD,ED-33,ED,107,,,,,,,,,,Counted,,,
,413,N 91301301,12-POINT SOCKET BOLT WITH WASHER,PA-11,POWERTRAIN,171,,,,,,,,,,Counted,,,
,414,WHT001987,PREV.TORQUE HEX. C LAMP NUT W.WASHER,PA-34,POWERTRAIN,143,61,,,,,,,,,Counted,,,
,415,WHT006151,HEXAGON FLANGE NUT W.WASHER,PA-18,POWERTRAIN,1,87,,,,,,,,,Counted,,,
,416,WHT006917,12-POINT FLANGE BO LT,PA-15,POWERTRAIN,31,9,,,,,,,,,Counted,,,
,417,WHT007061,12-POINT FLANGE BO LT,PA-17,POWERTRAIN,182,11,,,,,,,,,Counted,,,
,418,WHT009363A,BOLT WITH WASHER,PA-38,POWERTRAIN,40,1,,,,,,,,,Counted,,,
,419,4M0201392F,STRAP,PA-64,POWERTRAIN,6,,,,,,,,,,Counted,,,
,420,4M0201392C,STRAP,PA-65,POWERTRAIN,26,,,,,,,,,,Counted,,,
,421,4M0611707E,BRAKE HOSE,PA-71,POWERTRAIN,11,60,,,,,,,,,Counted,,,
,422,4M0816885G,REFRIGERANT LINE,PA-86,POWERTRAIN,5,1,,,,,,,,,Counted,,,
,423,4M0816886A,REFRIGERANT LINE,PA-88,POWERTRAIN,4,1,,,,,,,,,Counted,,,
,424,4M0121071C,COOLANT PIPE,PA-89,POWERTRAIN,24,1,,,,,,,,,Counted,,,
,425,4M0121085T,COOLANT PIPE,PA-94,POWERTRAIN,7,1,,,,,,,,,Counted,,,
,426,4M0121085R,COOLANT PIPE,PA-96,POWERTRAIN,13,1,,,,,,,,,Counted,,,
,427,4M0521101DN,PROPELLER SHAFT,PA-25,POWERTRAIN,17,,,,,,,,,,Counted,,,
,428,5H2863241E 4PK,CENTER CONSOLE,GCC-12,CONSOLE,8,,,,,,,,,,Counted,,,
,429,5WA199313AJ,SUBFRAME,GFA-09,FRONT AXLE,1,,,,,,,,,,Counted,,,
,430,5H0805588J,PLASTIC FRONT-END CARRIER,GFE-09,FRONTEND,4,,,,,,,,,,Counted,,,
,431,5H6867501AS6PS,MOLDED HEADLINER,GMH-12,HEADLINER,1,,,,,,,,,,Counted,,,
,432,5WA253001,"EXHAUST SYSTEM, FRONT",GPA-08,POWERTRAIN,2,,,,,,,,,,Counted,,,
,433,5WA253026,FRONT MUFFLER/REAR MUFFLER,GPA-09,POWERTRAIN,1,,,,,,,,,,Counted,,,
,434,5WA201021LC,UEL TANK,GPA-49,POWERTRAIN,1,,,,,,,,,,Counted,,,
,435,5WA400053LP,STEERING KNUCKLE,GCM-01,CM,18,,,,,,,,,,Counted,,,
,436,5WA400054LQ,STEERING KNUCKLE,GCM-02,CM,7,,,,,,,,,,Counted,,,
,437,5WA412021MF,SUSPENSION STRUT,GCM-05,CM,28,,,,,,,,,,Counted,,,
,438,02E911022H,STARTER,GED-07,ED,50,,,,,,,,,,Counted,,,
,439,06Q903028E,ALTERNATOR,GED-24,ED,3,12,,,,,,,,,Counted,,,
,440,3Q0816803D,AIR CONDITIONING COMPRESSOR,GED-25,ED,0,,,,,,,,,,Counted,,,
,441,06Q100010ET,ENGINE,GED-26,ED,5,,,,,,,,,,Counted,,,
,442,5WA145762F,CHARGE AIR PIPE,GED-62,ED,12,,,,,,,,,,Counted,,,
,443,5WA407151,TRACK CONTROL ARM,GFA-07,FRONT AXLE,25,,,,,,,,,,Counted,,,
,444,5WA407152,TRACK CONTROL ARM,GFA-08,FRONT AXLE,45,,,,,,,,,,Counted,,,
,445,5Q0411303R,STABILIZER BAR,GFA-10,FRONT AXLE,44,,,,,,,,,,Counted,,,
,446,5WC423053CN,POWER STEERING GEAR,GFA-19,FRONT AXLE,11,,,,,,,,,,Counted,,,
,447,5WA816411A,CONDENSER,GFE-01,FRONTEND,9,,,,,,,,,,Counted,,,
,448,5H0807109K,"BUMPER BAR,FRONT",GFE-05,FRONTEND,5,,,,,,,,,,Counted,,,
,449,5H0807651F,CROSSMEMBER,GFE-06,FRONTEND,34,,,,,,,,,,Counted,,,
,450,5Q0145803AD,CHARGE AIR COOLER,GFE-07,FRONTEND,20,,,,,,,,,,Counted,,,
,451,5WA121251H,RADIATOR,GFE-08,FRONTEND,13,,,,,,,,,,Counted,,,
,452,5H0807248AR,FOAM PART,GFE-43,FRONTEND,7,,,,,,,,,,Counted,,,
,453,5H2941012AA,HEADLAMP,GFE-44,FRONTEND,3,,,,,,,,,,Counted,,,
,454,5WA121203J,RADIATOR SHROUD,GFE-45,FRONTEND,16,,,,,,,,,,Counted,,,
,455,5Q0505315G,SUBFRAME,GRA-04,REAR AXLE,11,,,,,,,,,,Counted,,,
,456,5WA501051CB,FINAL DRIVE,GRA-05,REAR AXLE,6,,,,,,,,,,Counted,,,
,457,5WA501052CB,FINAL DRIVE,GRA-06,REAR AXLE,14,,,,,,,,,,Counted,,,
,458,5Q0511305BA,STABILIZER BAR,GRA-07,REAR AXLE,10,,,,,,,,,,Counted,,,
,459,5WA505311A,TRACK CONTROL ARM,GRA-20,REAR AXLE,25,,,,,,,,,,Counted,,,
,460,5WA512009AN,REAR SHOCK ABSORBER,GRA-21,REAR AXLE,30,,,,,,,,,,Counted,,,
,461,5Q0505323C,TRACK CONTROL ARM,GRA-22,REAR AXLE,129,,,,,,,,,,Counted,,,
,462,5Q0511115HM,HELICAL SPRING,GRA-38,REAR AXLE,66,,,,,,,,,,Counted,,,
,463,5WA122157AG,COOLANT HOSE,GED-61,ED,9,,,,,,,,,,Counted,,,
,464,5WA145792D,CHARGE AIR PIPE,GED-63,ED,43,,,,,,,,,,Counted,,,
,465,5Q0407272FN,HALF SHAFT,GPA-25,POWERTRAIN,2,,,,,,,,,,Counted,,,
,466,5Q0201656G,STRAP,GPA-26,POWERTRAIN,33,11,,,,,,,,,Counted,,,
,467,5Q0407271EA,HALF SHAFT,GPA-27,POWERTRAIN,2,,,,,,,,,,Counted,,,
,468,5Q0825661BS,"HEAT SHIELD,TUNNEL FRONT",GPA-46,POWERTRAIN,12,,,,,,,,,,Counted,,,
,469,5Q0825701E,"HEAT SHIELDING, REAR MUFFLER",GPA-47,POWERTRAIN,20,17,,,,,,,,,Counted,,,
,470,5Q0825729C,HEAT SHIELD,GPA-48,POWERTRAIN,26,3,,,,,,,,,Counted,,,
,471,5Q0611701C,"BRAKE HOSE,FR",GPA-53,POWERTRAIN,152,29,,,,,,,,,Counted,,,
,472,5WA713034K,SHIFT MECHANISM,GPA-60,POWERTRAIN,5,,,,,,,,,,Counted,,,
,473,5H0947145G,"LAMP,TRAY",GCC-01,CONSOLE,24,,,,,,,,,,Counted,,,
,474,5H0947145H,"LAMP,TRAY",GCC-02,CONSOLE,8,32,,,,,,,,,Counted,,,
,475,5NA035700,BUSH,GCC-03,CONSOLE,37,,,,,,,,,,Counted,,,
,476,1K0919309,OUTLET,GCC-04,CONSOLE,8,,,,,,,,,,Counted,,,
,477,2G6035718,BUSH,GCC-05,CONSOLE,113,,,,,,,,,,Counted,,,
,478,5H0947145D,"LAMP,TRAY",GCC-06,CONSOLE,158,,,,,,,,,,Counted,,,
,479,5WA962132,ANTENNA,GCC-07,CONSOLE,37,,,,,,,,,,Counted,,,
,480,7L0857784,EXPANSION RIVET,GCC-08,CONSOLE,279,,,,,,,,,,Counted,,,
,481,WHT009356,CLAMP,GCC-09,CONSOLE,138,,,,,,,,,,Counted,,,
,482,5N0867190,PLUG CLAMP,GCC-10,CONSOLE,831,,,,,,,,,,Counted,,,
,483,N 90698606,FLANGE TAPPING SCR EW,GCC-11,CONSOLE,873,,,,,,,,,,Counted,,,
,484,5H0927225 UYM,SWITCH,GCC-13,CONSOLE,71,,,,,,,,,,Counted,,,
,485,5H2863099A 041,COVER,GCC-14,CONSOLE,84,,,,,,,,,,Counted,,,
,486,5H0864207C VHE,ARM REST,GCC-15,CONSOLE,6,4,,,,,,,,,Counted,,,
,487,5H2864263C GOG,COVER,GCC-16,CONSOLE,2,5,5,5,,,,,,,Counted,,,
,488,5H2863330D 9B9,TRAY MAT,GCC-17,CONSOLE,20,,,,,,,,,,Counted,,,
,489,5H0713059S,SHIFT MECHANISM,GCC-18,CONSOLE,9,4,13,7,,,,,,,Counted,,,
,490,5H2864571A ADQ,"COVER, SHELF",GCC-19,CONSOLE,27,,,,,,,,,,Counted,,,
,491,5H2971641AH,"HARNESS,CENTER CONSOLE",GCC-20,CONSOLE,16,,,,,,,,,,Counted,,,
,492,6VA035502,ANTENNA,GCC-21,CONSOLE,53,,,,,,,,,,Counted,,,
,493,5H0864298A 4PK,TRIM,GCC-22,CONSOLE,2,10,,,,,,,,,Counted,,,
,494,5H0819203 9B9,VENT,GCC-23,CONSOLE,24,,,,,,,,,,Counted,,,
,495,5H2863487B 041,COVER,GCC-24,CONSOLE,8,10,10,10,,,,,,,Counted,,,
,496,11A907049 WHS,A/C CONTROL PANEL,GCC-25,CONSOLE,42,,,,,,,,,,Counted,,,
,497,2Q0919341 9B9,MOUNTING,GCC-26,CONSOLE,215,,,,,,,,,,Counted,,,
,498,N 10106402,PREV.TORQUE TYPE HEX.NUT W.FLANGE,GCM-03,CM,80,,,,,,,,,,Counted,,,
,499,N 90954802,TRIPLE SQUARE PAN HEAD BOLT,GCM-04,CM,67,,,,,,,,,,Counted,,,
,500,5WA971615E,CABLE GUIDE,GED-02,ED,50,,,,,,,,,,Counted,,,
,501,3Q0121093AJ,BRACKET,GED-03,ED,42,,,,,,,,,,Counted,,,
,502,0GC301472D,BREATHER PIPE,GED-04,ED,45,,,,,,,,,,Counted,,,
,503,5Q0121070BT,COOLANT PIPE,GED-05,ED,52,,,,,,,,,,Counted,,,
,504,5Q0906457K,CONTROL VALVE,GED-06,ED,27,,,,,,,,,,Counted,,,
,505,5WA971858E,BRACKET,GED-08,ED,78,,,,,,,,,,Counted,,,
,506,N 10653102,HEXAGON FLANGE BOLT,GED-09,ED,296,,,,,,,,,,Counted,,,
,507,03L260817,CENTERING SLEEVE,GED-10,ED,1023,,,,,,,,,,Counted,,,Data Q7 ED
,508,N 91191701,DOUBLE BOLT,GED-11,ED,132,,,,,,,,,,Counted,,,
,509,N 10609201,HEXAGON FLANGE NUT,GED-12,ED,152,,,,,,,,,,Counted,,,Data eD Q7
,510,N 10717701,TRIPLE SQUARE BOLT,GED-13,ED,363,,,,,,,,,,Counted,,,
,511,N 90074404,PREV.TORQUE TYPE HEXAGON NUT,GED-14,ED,730,,,,,,,,,,Counted,,,
,512,N 91200901,DUO HEXAGON FLANGE BOLT,GED-15,ED,178,,,,,,,,,,Counted,,,
,513,N 01508210,HEXAGON FLANGE NUT,GED-16,ED,1965,,,,,,,,,,Counted,,,
,514,N 91204501,HEXAGON HEAD BOLT WITH WASHER,GED-17,ED,89,,,,,,,,,,Counted,,,
,515,N 91227504,SPRING CLAMP,GED-18,ED,0,,,,,,,,,,Counted,,,
,516,N 90686901,SPRING CLAMP,GED-19,ED,0,,,,,,,,,,Counted,,,
,517,N 10665601,HEXAGON FLANGE BOLT,GED-20,ED,143,,,,,,,,,,Counted,,,
,518,N 90686904,SPRING CLAMP,GED-21,ED,351,,,,,,,,,,Counted,,,
,519,06Q903137A,V-RIBBED BELT,GED-22,ED,56,,,,,,,,,,Counted,,,
,520,5WA971230JA,"HARNESS,ALTERNATOR",GED-23,ED,7,,,,,,,,,,Counted,,,
,521,02E911024P,STARTER,GED-28,ED,0,,,,,,,,,,Counted,,,
,522,3Q0816803B,AIR CONDITIONING COMPRESSOR,GED-29,ED,0,,,,,,,,,,Counted,,,
,523,3Q0816803E,AIR CONDITIONING COMPRESSOR,GED-30,ED,1,,,,,,,,,,Counted,,,
,524,N 90686902,SPRING CLAMP,GED-31,ED,0,,,,,,,,,,Counted,,,
,525,N 91227501,SPRING CLAMP,GED-32,ED,0,,,,,,,,,,Counted,,,
,526,N 91232501,DUO HEXAGON FLANGE BOLT,GED-33,ED,132,,,,,,,,,,Counted,,,
,527,N 91267601,DUO HEXAGON FLANGE BOLT,GED-34,ED,72,,,,,,,,,,Counted,,,
,528,06L133054,QUICK COUPLING,GED-35,ED,237,,,,,,,,,,Counted,,,
,529,N 90926401,SPRING CLAMP,GED-36,ED,696,,,,,,,,,,Counted,,,
,530,N 91136101,12-POINT SOCKET FLANGE BOLT,GED-37,ED,637,,,,,,,,,,Counted,,,
,531,5Q0121058AC,COOLANT HOSE,GED-38,ED,33,,,,,,,,,,Counted,,,
,532,5Q0121058AD,COOLANT HOSE,GED-39,ED,348,,,,,,,,,,Counted,,,
,533,5Q0121599BM,AUXILIARY COOLANT PUMP,GED-40,ED,0,,,,,,,,,,Counted,,,
,534,6R0971901,PROTECTIVE CAP,GED-41,ED,467,,,,,,,,,,Counted,,,
,535,N 90403002,PROTECTIVE CAP,GED-42,ED,1429,,,,,,,,,,Counted,,,
,536,N 90687101,SPRING CLAMP,GED-43,ED,168,,,,,,,,,,Counted,,,
,537,N 10721401,FLANGE SCREW FOR TP,GED-44,ED,148,,,,,,,,,,Counted,,,
,538,N 90686701,SPRING CLAMP,GED-45,ED,49,,,,,,,,,,Counted,,,
,539,N 90687001,SPRING CLAMP,GED-48,ED,0,,,,,,,,,,Counted,,,
,540,N 90686704,SPRING CLAMP,GED-49,ED,0,,,,,,,,,,Counted,,,
,541,N 90687004,SPRING CLAMP,GED-51,ED,349,,,,,,,,,,Counted,,,
,542,5Q0121599BJ,AUXILIARY COOLANT PUMP,GED-52,ED,13,,,,,,,,,,Counted,,,
,543,5WA121109D,COOLANT HOSE,GED-53,ED,81,,,,,,,,,,Counted,,,
,544,5WA122051AD,COOLANT HOSE,GED-54,ED,16,,,,,,,,,,Counted,,,
,545,5WA122073H,COOLANT HOSE,GED-55,ED,17,,,,,,,,,,Counted,,,
,546,5WA122101AN,COOLANT HOSE,GED-56,ED,2,,,,,,,,,,Counted,,,
,547,5WA122109B,COOLANT HOSE,GED-57,ED,4,,,,,,,,,,Counted,,,
,548,5WA122157AC,COOLANT HOSE,GED-58,ED,5,,,,,,,,,,Counted,,,
,549,5WA129654A,INTAKE AIR DUCTING,GED-59,ED,5,,,,,,,,,,Counted,,,
,550,5WA816721,REFRIGERANT LINE,GED-60,ED,27,,,,,,,,,,Counted,,,
,551,5Q0121599AK,AUXILIARY COOLANT PUMP,GED-65,ED,0,,,,,,,,,,Counted,,,
,552,5WA121447,COOLANT HOSE,GED-66,ED,70,,,,,,,,,,Counted,,,
,553,N 90686703,SPRING CLAMP,GED-67,ED,0,,,,,,,,,,Counted,,,
,554,N 90686903,SPRING CLAMP,GED-69,ED,0,,,,,,,,,,Counted,,,
,555,N 90687002,SPRING CLAMP,GED-70,ED,0,,,,,,,,,,Counted,,,
,556,N 90687003,SPRING CLAMP,GED-71,ED,0,,,,,,,,,,Counted,,,
,557,N 90687102,SPRING CLAMP,GED-72,ED,0,,,,,,,,,,Counted,,,
,558,N 90687104,SPRING CLAMP,GED-73,ED,0,,,,,,,,,,Counted,,,
,559,N 90926403,SPRING CLAMP,GED-74,ED,0,,,,,,,,,,Counted,,,
,560,N 90926404,SPRING CLAMP,GED-75,ED,0,,,,,,,,,,Counted,,,
,561,N 91225501,SPRING CLAMP,GED-76,ED,0,,,,,,,,,,Counted,,,
,562,N 91225504,SPRING CLAMP,GED-77,ED,0,,,,,,,,,,Counted,,,
,563,N 91201001,HEXAGON FLANGE SCREW W.WASHER,GFA-01,FRONT AXLE,134,,,,,,,,,,Counted,,,
,564,5Q2423981K,HEAT SHIELD,GFA-02,FRONT AXLE,43,,,,,,,,,,Counted,,,
,565,5Q2423981L,HEAT SHIELD,GFA-03,FRONT AXLE,30,,,,,,,,,,Counted,,,
,566,5WA412521D,SENSOR,GFA-04,FRONT AXLE,31,,,,,,,,,,Counted,,,
,567,5WA412522D,SENSOR,GFA-05,FRONT AXLE,35,,,,,,,,,,Counted,,,
,568,5Q0199855AJ,SUPPORT,GFA-06,FRONT AXLE,6,,,,,,,,,,Counted,,,
,569,WHT007482,PLUG-IN BASE,GFA-11,FRONT AXLE,297,,,,,,,,,,Counted,,,
,570,N 10552402,HEXAGON FLANGE BOLT,GFA-12,FRONT AXLE,57,,,,,,,,,,Counted,,,
,571,N 10205802,PREV.TORQUE TYPE HEX.NUT W.FLANGE,GFA-13,FRONT AXLE,264,,,,,,,,,,Counted,,,
,572,N 10653201,HEXAGON FLANGE BOLT,GFA-14,FRONT AXLE,499,,,,,,,,,,Counted,,,
,573,N 10695901,HEXAGON FLANGE BOLT,GFA-15,FRONT AXLE,84,,,,,,,,,,Counted,,,
,574,N 10690201,HEXAGON FLANGE BOL T,GFA-16,FRONT AXLE,82,,,,,,,,,,Counted,,,
,575,N 91301101,HEXALOBULAR SOCKET PAN HEAD SCREW,GFA-17,FRONT AXLE,2328,,,,,,,,,,Counted,,,
,576,5WC971111CB,HARNESS ELECTRIC STEERING,GFA-18,FRONT AXLE,10,,,,,,,,,,Counted,,,
,577,3Q0199313AM,SUBFRAME,GFA-20,FRONT AXLE,0,,,,,,,,,,Counted,,Not in use,
,578,5H0823531E,BOWDEN CABLE,GFE-02,FRONTEND,56,,,,,,,,,,Counted,,,
,579,5H0823661B,OPERATING DEVICE,GFE-03,FRONTEND,44,,,,,,,,,,Counted,,,
,580,5H0823528C,"BOWDEN CABLE, ENGINE HOOD",GFE-04,FRONTEND,204,,,,,,,,,,Counted,,,
,581,5H0823530B,"BOWDEN CABLE, ENGINE HOOD",GFE-10,FRONTEND,108,,,,,,,,,,Counted,,,
,582,5M0820536A,BRACKET,GFE-11,FRONTEND,50,,,,,,,,,,Counted,,,
,583,5WA121203P,RADIATOR SHROUD,GFE-12,FRONTEND,0,,,,,,,,,,Counted,,Alternatif part dengan J,
,584,5WA121331,SEALING PROFILE,GFE-13,FRONTEND,121,,,,,,,,,,Counted,,,
,585,5WA121331D,SEALING PROFILE,GFE-14,FRONTEND,67,,,,,,,,,,Counted,,,
,586,5WA121332,SEALING PROFILE,GFE-15,FRONTEND,67,,,,,,,,,,Counted,,,
,587,5WA121332D,SEALING PROFILE,GFE-16,FRONTEND,62,,,,,,,,,,Counted,,,
,588,85E959651A,FRONT SENSOR,GFE-17,FRONTEND,272,,,,,,,,,,Counted,,,
,589,8Z0820535B,OUTER SENSOR,GFE-18,FRONTEND,148,,,,,,,,,,Counted,,,
,590,N 10664801,12-POINT SOCKET FLANGE BOLT,GFE-19,FRONTEND,335,660,,,,,,,,,Counted,,,
,591,4K0823509A,HOOD LATCH,GFE-20,FRONTEND,25,,,,,,,,,,Counted,,,
,592,1K0121367F,RADIATOR MOUNT,GFE-21,FRONTEND,254,,,,,,,,,,Counted,,,
,593,5Q0121367G,RADIATOR MOUNT,GFE-22,FRONTEND,135,,,,,,,,,,Counted,,,
,594,8P0971848D,PLUG-IN BASE,GFE-23,FRONTEND,605,,,,,,,,,,Counted,,,
,595,N 91071702,HEXALOBULAR SOCKET PAN HEAD SCREW,GFE-24,FRONTEND,409,,,,,,,,,,Counted,,,
,596,N 90974701,FLANGE SCREW FOR TP,GFE-25,FRONTEND,2995,,,,,,,,,,Counted,,,
,597,WHT000425,HEXALOBULAR SOCKET SCREW WITH FLANGE,GFE-27,FRONTEND,534,,,,,,,,,,Counted,,,
,598,N 90993603,HEXALOBULAR SOCKET SCREW W.WASHER,GFE-28,FRONTEND,926,500,,,,,,,,,Counted,,,
,599,N 10612701,FLANGE SCREW FOR TP,GFE-29,FRONTEND,693,,,,,,,,,,Counted,,,
,600,WHT003954,DUO HEXALOBULAR SOCKET BOLT,GFE-30,FRONTEND,74,,,,,,,,,,Counted,,,
,601,5H0907471A,BRACKET,GFE-31,FRONTEND,7,58,,,,,,,,,Counted,,,
,602,3WA907225,TRIM,GFE-33,FRONTEND,90,,,,,,,,,,Counted,,,
,603,3WA907461A,BRACKET,GFE-34,FRONTEND,50,,,,,,,,,,Counted,,,
,604,5H0121283T,AIR DEFLECTOR,GFE-35,FRONTEND,5,17,,,,,,,,,Counted,,,
,605,5H0121284T,AIR DEFLECTOR,GFE-36,FRONTEND,7,20,,,,,,,,,Counted,,,
,606,5H0805593A,SUPPORT,GFE-37,FRONTEND,77,,,,,,,,,,Counted,,,
,607,5H0805706B,GUIDE,GFE-38,FRONTEND,48,,,,,,,,,,Counted,,,
,608,5H0805707,GUIDE,GFE-39,FRONTEND,48,,,,,,,,,,Counted,,,
,609,5WA962133G,ANTENNA,GFE-42,FRONTEND,32,48,,,,,,,,,Counted,,,
,610,1U0823397 121,LINE BRACKET,GFE-46,FRONTEND,129,,,,,,,,,,Counted,,,
,611,5H0971100K,"HARNESS, ROOF",GMH-01,HEADLINER,0,,,,,,,,,,Counted,,tiada stok dekat Headlining module,
,612,5G0857623B,PLATE,GMH-02,HEADLINER,224,,,,,,,,,,Counted,,,
,613,5G0857624B,PLATE,GMH-03,HEADLINER,159,22,,,,,,,,,Counted,,,
,614,5G0919939,ADHESIVE TAPE,GMH-04,HEADLINER,10,,,,,,,,,,Counted,,,
,615,10A947109A,VANITY MIRROR LIGHT,GMH-05,HEADLINER,47,,,,,,,,,,Counted,,,
,616,5H0867660C,RETAINING PLATE,GMH-06,HEADLINER,235,,,,,,,,,,Counted,,,
,617,5H0857607C 4PK,GRAB HANDLE,GMH-07,HEADLINER,10,2,,,,,,,,,Counted,,,
,618,5H0857643C 4PK,GRAB HANDLE,GMH-08,HEADLINER,10,2,,,,,,,,,Counted,,,
,619,5H0857551J 2UV,SUN VISOR,GMH-09,HEADLINER,19,3,,,,,,,,,Counted,,,
,620,5H0857552H 2UV,SUN VISOR,GMH-10,HEADLINER,21,1,,,,,,,,,Counted,,,
,621,5H0947290D 9B9,READING LIGHT,GMH-11,HEADLINER,71,1,,,,,,,,,Counted,,,
,622,14A857561A 4PK,"MOUNTING,INNER",GMH-13,HEADLINER,671,,,,,,,,,,Counted,,,
,623,N 0195307,HEXAGON FLANGE BOL T,GPA-01,POWERTRAIN,75,130,,,,,,,,,Counted,,,
,624,N 10240003,HEXAGON FLANGE BOL T,GPA-02,POWERTRAIN,746,,,,,,,,,,Counted,,,
,625,5Q0199517E,SUPPORT,GPA-03,POWERTRAIN,6,48,,,,,,,,,Counted,,,
,626,5Q0199518E,SUPPORT,GPA-04,POWERTRAIN,6,25,,,,,,,,,Counted,,,
,627,1K0253141AA,CLAMPING SLEEVE,GPA-05,POWERTRAIN,2,,,,,,,,,,Counted,,,
,628,5Q0802128,TUNNEL CROSS-PIECE,GPA-06,POWERTRAIN,41,4,,,,,,,,,Counted,,,
,629,5Q0804421B,TUNNEL CROSS-PIECE,GPA-07,POWERTRAIN,20,8,,,,,,,,,Counted,,,
,630,1K0407407,CAP NUT,GPA-10,POWERTRAIN,606,,,,,,,,,,Counted,,,
,631,N 91200301,HEXAGON FLANGE SCREW W.WASHER,GPA-11,POWERTRAIN,33,,,,,,,,,,Counted,,,
,632,WHT005437A,12-POINT FLANGE BO LT,GPA-12,POWERTRAIN,84,,,,,,,,,,Counted,,,
,633,WHT005538,HEXAGON FLANGE NUT,GPA-13,POWERTRAIN,334,,,,,,,,,,Counted,,,
,634,5Q0614167B,BRACKET,GPA-14,POWERTRAIN,23,295,,,,,,,,,Counted,,,
,635,5Q0411315D,COUPLING ROD,GPA-15,POWERTRAIN,23,,,,,,,,,,Counted,,,
,636,N 91079301,HEXAGON FLANGE BOLT,GPA-16,POWERTRAIN,802,,,,,,,,,,Counted,,,
,637,WHT006844,INTERMEDIATE PLATE,GPA-17,POWERTRAIN,49,,,,,,,,,,Counted,,,
,638,1K0407357D,SHIM,GPA-18,POWERTRAIN,1121,,,,,,,,,,Counted,,,
,639,N 10785401,HEXAGON FLANGE SCREW W.WASHER,GPA-19,POWERTRAIN,20,,,,,,,,,,Counted,,,
,640,N 0150816,HEXAGON FLANGE NUT,GPA-20,POWERTRAIN,1254,,,,,,,,,,Counted,,,
,641,N 91231201,HEXAGON FLANGE SCREW W.WASHER,GPA-21,POWERTRAIN,228,8,,,,,,,,,Counted,,,
,642,N 90991102,TRIPLE SQUARE BOLT,GPA-22,POWERTRAIN,130,,,,,,,,,,Counted,,,
,643,N 10332002,HEXAGON FLANGE NUT,GPA-23,POWERTRAIN,1027,,,,,,,,,,Counted,,,
,644,N 90798805,HEXAGON FLANGE NUT,GPA-24,POWERTRAIN,340,,,,,,,,,,Counted,,,
,645,1K0971842,CLIP,GPA-28,POWERTRAIN,120,,,,,,,,,,Counted,,,
,646,1K0971842N,CABLE CLAMP,GPA-29,POWERTRAIN,86,,,,,,,,,,Counted,,,
,647,5QF971842,CABLE CLAMP,GPA-30,POWERTRAIN,61,,,,,,,,,,Counted,,,
,648,N 10732001,HEXALOBULAR SOCKET PAN HEAD SCREW,GPA-31,POWERTRAIN,79,,,,,,,,,,Counted,,,
,649,5Q0253115C,SEAL,GPA-32,POWERTRAIN,140,,,,,,,,,,Counted,,,
,650,5WA253725,HOSE CLAMP,GPA-33,POWERTRAIN,33,,,,,,,,,,Counted,,,
,651,06Q919519Q,EXH.TEMP.SENSOR,GPA-34,POWERTRAIN,6,,,,,,,,,,Counted,,,
,652,5WA131553C,CONTROL LINE,GPA-35,POWERTRAIN,3,,,,,,,,,,Counted,,,
,653,06K906262DL,LAMBDA PROBE,GPA-36,POWERTRAIN,12,,,,,,,,,,Counted,,,
,654,06K906262DM,LAMBDA PROBE,GPA-37,POWERTRAIN,5,,,,,,,,,,Counted,,,
,655,3Q0407720C,SHIELD,GPA-39,POWERTRAIN,74,,,,,,,,,,Counted,,,
,656,5Q0971842,CABLE CLAMP,GPA-40,POWERTRAIN,658,,,,,,,,,,Counted,,,
,657,5Q0971842A,CABLE CLAMP,GPA-41,POWERTRAIN,477,,,,,,,,,,Counted,,,
,658,5Q0611841A,BRACKET,GPA-42,POWERTRAIN,58,,,,,,,,,,Counted,,,
,659,5Q0611842B,BRACKET,GPA-43,POWERTRAIN,17,,,,,,,,,,Counted,,,
,660,5Q0971499,ADAPTER CABLE,GPA-44,POWERTRAIN,66,,,,,,,,,,Counted,,,
,661,6R0611797D,BRACKET,GPA-51,POWERTRAIN,1165,5,,,,,,,,,Counted,,,
,662,191611715,HOSE BRACKET,GPA-52,POWERTRAIN,274,,,,,,,,,,Counted,,,
,663,N 10106905,HEXAGON HEAD BOLT WITH WASHER,GPA-54,POWERTRAIN,400,,,,,,,,,,Counted,,,
,664,N 10703001,HEXAGON FLANGE BOLT,GPA-55,POWERTRAIN,1300,,,,,,,,,,Counted,,,
,665,N 10883401,HEXAGON FLANGE BOLT,GPA-56,POWERTRAIN,25,,,,,,,,,,Counted,,,
,666,1K0611853,LINE BRACKET,GPA-57,POWERTRAIN,69,106,,,,,,,,,Counted,,,
,667,N 10106403,PREV.TORQUE TYPE HEX.NUT W.FLANGE,GPA-58,POWERTRAIN,250,,,,,,,,,,Counted,,,
,668,5QS713761A,DETENT,GPA-59,POWERTRAIN,16,,,,,,,,,,Counted,,,
,669,N 0195307,HEXAGON FLANGE BOL T,GRA-01,REAR AXLE,191,,,,,,,,,,Counted,,,
,670,1K0501682,BRACKET,GRA-02,REAR AXLE,127,,,,,,,,,,Counted,,,
,671,5WA512521,SENSOR,GRA-03,REAR AXLE,36,,,,,,,,,,Counted,,,
,672,5Q0525691C,CLIP,GRA-08,REAR AXLE,9,,,,,,,,,,Counted,,,
,673,N 10776501,HEXAGON FLANGE BOLT,GRA-09,REAR AXLE,42,,,,,,,,,,Counted,,,
,674,N 91197801,HEXAGON HEAD BOLT WITH WASHER,GRA-10,REAR AXLE,25,,,,,,,,,,Counted,,,
,675,WHT000724,WASHER,GRA-11,REAR AXLE,186,,,,,,,,,,Counted,,,
,676,WHT009162,ECCENTRIC BOLT,GRA-12,REAR AXLE,27,,,,,,,,,,Counted,,,
,677,WHT009289A,12-POINT FLANGE BO LT W. WASHER,GRA-13,REAR AXLE,81,,,,,,,,,,Counted,,,
,678,5Q0505465A,COUPLING ROD,GRA-14,REAR AXLE,60,,,,,,,,,,Counted,,,
,679,WHT000227,ECCENTRIC BOLT,GRA-15,REAR AXLE,94,,,,,,,,,,Counted,,,
,680,5Q0512149F,"SPRING SEAT, UPR",GRA-16,REAR AXLE,105,,,,,,,,,,Counted,,,
,681,5Q0512297D,SPRING SEAT,GRA-17,REAR AXLE,109,,,,,,,,,,Counted,,,
,682,5Q0501529G,TIE ROD,GRA-18,REAR AXLE,24,,,,,,,,,,Counted,,,
,683,5WA611775,BRAKE HOSE,GRA-19,REAR AXLE,113,,,,,,,,,,Counted,,,
,684,191611715,HOSE BRACKET,GRA-23,REAR AXLE,963,,,,,,,,,,Counted,,,
,685,1K0505193,WASHER,GRA-24,REAR AXLE,609,,,,,,,,,,Counted,,,
,686,N 10286110,PREV.TORQUE TYPE HEX.NUT W.FLANGE,GRA-25,REAR AXLE,396,,,,,,,,,,Counted,,,
,687,N 10401801,PREV.TORQUE TYPE HEX.NUT W.FLANGE,GRA-26,REAR AXLE,98,,,,,,,,,,Counted,,,
,688,WHT009208,PREV.TORQUE TYPE H EX.NUT W.FLANGE,GRA-27,REAR AXLE,665,,,,,,,,,,Counted,,,
,689,WHT007697,COVER,GRA-28,REAR AXLE,0,,,,,,,,,,Counted,,Not used,
,690,N 90183804,PREV.TORQUE TYPE HEX.NUT W.FLANGE,GRA-29,REAR AXLE,586,,,,,,,,,,Counted,,,
,691,N 10569501,HEXALOBULAR SOCKET FLANGE BOLT,GRA-30,REAR AXLE,1691,,,,,,,,,,Counted,,,
,692,N 10765801,12-POINT SOCKET FLANGE BOLT,GRA-31,REAR AXLE,485,,,,,,,,,,Counted,,,
,693,N 10883401,HEXAGON FLANGE BOLT,GRA-32,REAR AXLE,127,,,,,,,,,,Counted,,,
,694,WHT000232,ECCENTRIC WASHER,GRA-33,REAR AXLE,407,,,,,,,,,,Counted,,,
,695,5Q0611797B,BRACKET,GRA-34,REAR AXLE,1889,,,,,,,,,,Counted,,,
,696,N 91309901,BLIND RIVET NUT,GRA-35,REAR AXLE,453,,,,,,,,,,Counted,,,
,697,N 10226501,COVER,GRA-36,REAR AXLE,0,,,,,,,,,,Counted,,not in use,
,698,N 10106403,PREV.TORQUE TYPE HEX.NUT W.FLANGE,GRA-37,REAR AXLE,67,,,,,,,,,,Counted,,,
,699,4M0867505DD2O9,ROOFLINER,MH-1,HEADLINER,3,3,,,,,,,,,Counted,,,
,700,WHT007090A,ECCENTRIC BOLT,RA-36,REAR AXLE,64,,,,,,,,,,Counted,,,
,701,4M0145942L,CHARGE AIR PIPE,FE-66,FRONTEND,1,64,,,,,,,,,Counted,,,
,702,N 91262202,BLIND RIVET,GFE-26,FRONTEND,1484,,,,,,,,,,Counted,,,
,703,1N3907550E,RADAR SENSOR,GFE-32,FRONTEND,17,56,,,,,,,,,Counted,,,
,704,5H0807049F,GUIDE PROFILE,GFE-40,FRONTEND,2,14,,,,,,,,,Counted,,,
,705,5H0807050F,GUIDE PROFILE,GFE-41,FRONTEND,2,14,,,,,,,,,Counted,,,
,706,0GC300028,TRANSMISSION,GED-27,ED,1,,,,,,,,,,Counted,,,
,707,5H2971641AD,"HARNESS,CENTER CONSOLE",GCC-27,CONSOLE,1,20,,,,,,,,,Counted,,,
,708,5H2863330C 9B9,TRAY MAT,GCC-28,CONSOLE,18,,,,,,,,,,Counted,,,
,709,5H0864207C PGF,ARM REST,GCC-29,CONSOLE,11,6,,,,,,,,,Counted,,,
,710,5Q0412043AN,SUSPENSION STRUT,GCM-06,CM,40,,,,,,,,,,Counted,,,
,711,5WA400053GS,STEERING KNUCKLE,GCM-07,CM,9,,,,,,,,,,Counted,,,
,712,5WA400054GT,STEERING KNUCKLE,GCM-08,CM,9,,,,,,,,,,Counted,,,
,713,5WA816803A,AIR CONDITIONING COMPRESSOR,GED-89,ED,8,,,,,,,,,,Counted,,,
,714,05E903019K,ALTERNATOR,GED-90,ED,6,3,,,,,,,,,Counted,,,
,715,05E903305G,TENSIONING ELEMENT,GED-79,ED,10,,,,,,,,,,Counted,,,
,716,5WA121093J,BRACKET,GED-80,ED,64,,,,,,,,,,Counted,,,
,717,1K0971858BE,BRACKET,GED-81,ED,61,,,,,,,,,,Counted,,,
,718,0AM301472E,BREATHER PIPE,GED-82,ED,59,,,,,,,,,,Counted,,,
,719,3WA965567B,COOLANT PUMP,GED-83,ED,10,,,,,,,,,,Counted,,,
,720,N 10826901,DOUBLE BOLT,GED-84,ED,56,,,,,,,,,,Counted,,,
,721,N 10623701,HEXAGON FLANGE BOLT,GED-85,ED,203,,,,,,,,,,Counted,,,
,722,5WA971794AD,"HARNESS,STARTER",GED-86,ED,16,,,,,,,,,,Counted,,,
,723,N 91096801,HEXALOBULAR SOCKET PAN HEAD SCREW,GED-87,ED,1157,,,,,,,,,,Counted,,,
,724,05E903159B,V-RIBBED BELT,GED-88,ED,40,,,,,,,,,,Counted,,,
,725,0CW301423A,COVER,GED-78,ED,64,,,,,,,,,,Counted,,,
,726,3WA121049G,COOLANT HOSE,GED-100,ED,4,,,,,,,,,,Counted,,,
,727,N 10124306,HEXALOBULAR SOCKET PAN HEAD SCREW,GED-91,ED,464,,,,,,,,,,Counted,,,
,728,5Q0199117C,BRACKET,GED-92,ED,6,10,,,,,,,,,Counted,,,
,729,5WA122051S,COOLANT HOSE,GED-93,ED,16,,,,,,,,,,Counted,,,
,730,5WA122101AH,COOLANT HOSE,GED-94,ED,18,,,,,,,,,,Counted,,,
,731,5WA122063C,COOLANT HOSE,GED-95,ED,24,,,,,,,,,,Counted,,,
,732,5WA121109K,COOLANT HOSE,GED-96,ED,70,,,,,,,,,,Counted,,,
,733,5Q0121156D,HEATING HOSE,GED-97,ED,16,,,,,,,,,,Counted,,,
,734,0AM325423B,COVER,GED-98,ED,268,,,,,,,,,,Counted,,,
,735,3WA816721L,REFRIGERANT LINE,GED-99,ED,2,,,,,,,,,,Counted,,,
,736,N 10706901,HEXAGON FLANGE BOL T,GED-103,ED,137,,,,,,,,,,Counted,,,
,737,N 90687204,SPRING CLAMP,GED-104,ED,40,,,,,,,,,,Counted,,,
,738,5WC423053CL,POWER STEERING GEAR,GFA-24,FRONT AXLE,8,,,,,,,,,,Counted,,,
,739,3Q0199313CQ,SUBFRAME,GFA-25,FRONT AXLE,6,,,,,,,,,,Counted,,,
,740,5WC971111CH,HARNESS ELECTRIC STEERING,GFA-21,FRONT AXLE,8,,,,,,,,,,Counted,,,
,741,5Q2423981P,HEAT SHIELD,GFA-22,FRONT AXLE,60,,,,,,,,,,Counted,,,
,742,5Q0199855N,SUPPORT,GFA-23,FRONT AXLE,20,,,,,,,,,,Counted,,,
,743,N 0150816,HEXAGON FLANGE NUT,GFA-26,FRONT AXLE,598,,,,,,,,,,Counted,,,
,744,N 91217701,HEXAGON FLANGE SCREW W.WASHER,GFA-27,FRONT AXLE,40,,,,,,,,,,Counted,,,
,745,5Q0121251HQ,RADIATOR,GFE-47,FRONTEND,21,,,,,,,,,,Counted,,,
,746,5WA121251D,RADIATOR,GFE-48,FRONTEND,37,,,,,,,,,,Counted,,,
,747,5H2941012T,HEADLAMP,GFE-49,FRONTEND,6,6,2,,,,,,,,Counted,,,
,748,1K0407357C,SHIM,GPA-61,POWERTRAIN,1417,,,,,,,,,,Counted,,,
,749,04L253725B,HOSE CLAMP,GPA-62,POWERTRAIN,20,,,,,,,,,,Counted,,,
,750,N 90942902,PREV.TORQUE TYPE HEX.NUT W.FLANGE,GPA-63,POWERTRAIN,490,,,,,,,,,,Counted,,,
,751,N 91108201,TRIPLE SQUARE BOLT,GPA-64,POWERTRAIN,456,,,,,,,,,,Counted,,,
,752,N 10170512,HEXAGON HEAD BOLT,GPA-74,POWERTRAIN,544,873,,,,,,,,,Counted,,,
,753,1K0253141T,CLAMPING SLEEVE,GPA-69,POWERTRAIN,22,,,,,,,,,,Counted,,,
,754,5Q0407271BT,HALF SHAFT,GPA-70,POWERTRAIN,1,,,,,,,,,,Counted,,,
,755,5Q0407272ED,HALF SHAFT,GPA-71,POWERTRAIN,1,,,,,,,,,,Counted,,,
,756,1J0971939C,CABLE CLAMP,GPA-65,POWERTRAIN,265,,,,,,,,,,Counted,,,
,757,05E906262G,OXYGEN SENSOR,GPA-66,POWERTRAIN,48,,,,,,,,,,Counted,,,
,758,05E906262H,OXYGEN SENSOR,GPA-67,POWERTRAIN,1,47,,,,,,,,,Counted,,,
,759,1K0253115AE,SEAL,GPA-68,POWERTRAIN,252,,,,,,,,,,Counted,,,
,760,5WA713034J,SHIFT MECHANISM,GPA-72,POWERTRAIN,4,,,,,,,,,,Counted,,,
,761,N 90652204,HEXAGON HEAD BOLT WITH WASHER,GPA-73,POWERTRAIN,840,,,,,,,,,,Counted,,,
,762,5Q0407721,SHIELD,GPA-75,POWERTRAIN,27,,,,,,,,,,Counted,,,
,763,5Q0511115GH,HELICAL SPRING,GRA-39,REAR AXLE,72,,,,,,,,,,Counted,,,
,764,5WA512011BD,REAR SHOCK ABSORBER,GRA-40,REAR AXLE,43,,,,,,,,,,Counted,,,
,765,5WA501051CA,FINAL DRIVE,GRA-41,REAR AXLE,31,,,,,,,,,,Counted,,,
,766,5WA501052CA,FINAL DRIVE,GRA-42,REAR AXLE,10,,,,,,,,,,Counted,,,
,767,5Q0511305AS,STABILIZER BAR,GRA-43,REAR AXLE,48,,,,,,,,,,Counted,,,
,768,05E100010FJ,ENGINE,GED-101,ED,4,,,,,,,,,,Counted,,,
,769,0CW300053M,TRANSMISSION,GED-102,ED,0,,,,,,,,,,Counted,,,
,770,4M0201799AG,ACTIVATED CARBON CANISTER,PA-77,POWERTRAIN,2,,,,,,,,,,Counted,,,
,771,5WA614742AM,BRAKE LINE,GPA-50,POWERTRAIN,7,,,,,,,,,,Counted,,,
,772,5WA614741AK,BRAKE LINE,GPA-45,POWERTRAIN,5,,,,,,,,,,Counted,,,
,773,0FN409905F,TRANSMISSION CARRIER,GED-105,ED,29,,,,,,,,,,Counted,,,
,774,N 91272502,TRIPLE SQUARE PAN HEAD BOLT,GED-106,ED,24,,,,,,,,,,Counted,,,
,775,5WA145693C,CIRCULATING AIR HOSE,GED-110,ED,4,,,,,,,,,,Counted,,,
,776,3WA122051N,COOLANT HOSE,GED-112,ED,10,,,,,,,,,,Counted,,,
,777,3WA122101H,COOLANT HOSE,GED-113,ED,7,,,,,,,,,,Counted,,,
,778,5Q0122157EP,COOLANT HOSE,GED-114,ED,27,,,,,,,,,,Counted,,,
,779,3WA122051N,COOLANT HOSE,GED-115,ED,10,,,,,,,,,,Counted,,,
,780,3WA122051M,COOLANT HOSE,GED-116,ED,10,,,,,,,,,,Counted,,,
,781,5WA129624,CONNECTING PIPE,GED-117,ED,2,,,,,,,,,,Counted,,,
,782,5WA145762E,CHARGE AIR PIPE,GED-108,ED,0,,,,,,,,,,Counted,,,
,783,5WA145792G,CHARGE AIR PIPE,GED-109,ED,0,,,,,,,,,,Counted,,,
,784,5WC971111BR,HARNESS ELECTRIC STEERING,GFA-31,FRONT AXLE,10,,,,,,,,,,Counted,,,
,785,5H0121283AH,AIR DEFLECTOR,GFE-54,FRONTEND,12,,,,,,,,,,Counted,,,
,786,5H0121284AH,AIR DEFLECTOR,GFE-55,FRONTEND,12,,,,,,,,,,Counted,,,
,787,5WA121070C,COOLANT PIPE,GFE-56,FRONTEND,85,,,,,,,,,,Counted,,,
,788,N 90817003,FLANGE SCREW FOR TP,GFE-57,FRONTEND,61,570,,,,,,,,,Counted,,,
,789,N 10715901,HEXAGON FLANGE BOLT,GPA-78,POWERTRAIN,89,70,,,,,,,,,Counted,,,
,790,5WA131553B,CONTROL LINE,GPA-79,POWERTRAIN,32,,,,,,,,,,Counted,,,
,791,06Q919519R,EXH.TEMP.SENSOR,GPA-80,POWERTRAIN,13,,,,,,,,,,Counted,,,
,792,3G0131553B,CONTROL LINE,GPA-77,POWERTRAIN,1,,,,,,,,,,Counted,,,
,793,N 01508210,HEXAGON FLANGE NUT,GPA-82,POWERTRAIN,0,,,,,,,,,,Counted,,,
,794,N 10644901,TRIPLE SQUARE BOLT,GPA-83,POWERTRAIN,460,,,,,,,,,,Counted,,,
,795,1J0611853,LINE BRACKET,GPA-86,POWERTRAIN,138,,,,,,,,,,Counted,,,
,796,N 91191701,DOUBLE BOLT,GPA-87,POWERTRAIN,168,250,,,,,,,,,Counted,,,
,797,N 91066901,HEXAGON FLANGE SCREW W.WASHER,GPA-88,POWERTRAIN,291,,,,,,,,,,Counted,,,
,798,1H0971939C,CABLE CLAMP,GPA-84,POWERTRAIN,93,,,,,,,,,,Counted,,,
,799,N 90846102,12 POINT BOLT,GPA-90,POWERTRAIN,546,,,,,,,,,,Counted,,,
,800,WHT005179,12-POINT FLANGE BO LT,GPA-92,POWERTRAIN,149,,,,,,,,,,Counted,,,
,801,5G0971154,ADAPTER CABLE,GPA-91,POWERTRAIN,38,,,,,,,,,,Counted,,,
,802,5WA611701,"BRAKE HOSE,FR",GPA-98,POWERTRAIN,68,,,,,,,,,,Counted,,,
,803,WHT009290,12-POINT FLANGE BO LT W. WASHER,GRA-52,REAR AXLE,65,,,,,,,,,,Counted,,,
,804,N 90737107,HEXALOBULAR SOCKET SCREW WITH FLANGE,GRA-53,REAR AXLE,203,,,,,,,,,,Counted,,,
,805,WHT005437A,12-POINT FLANGE BO LT,GRA-54,REAR AXLE,44,,,,,,,,,,Counted,,,
,806,N 10720201,12-POINT SOCKET BOLT WITH WASHER,GRA-55,REAR AXLE,126,,,,,,,,,,Counted,,,
,807,5H0864207C VYD,ARM REST,GCC-30,CONSOLE,2,,,,,,,,,,Counted,,,
,808,5WA400053MK,STEERING KNUCKLE,GCM-09,CM,11,,,,,,,,,,Counted,,,
,809,5WA400054ML,STEERING KNUCKLE,GCM-10,CM,12,,,,,,,,,,Counted,,,
,810,5WA412022HR,SUSPENSION STRUT,GCM-11,CM,8,,,,,,,,,,Counted,,,
,811,5Q0411303AC,STABILIZER BAR,GFA-28,FRONT AXLE,103,,,,,,,,,,Counted,,,
,812,81A407151F,TRACK CONTROL ARM,GFA-29,FRONT AXLE,48,,,,,,,,,,Counted,,,
,813,81A407152F,TRACK CONTROL ARM,GFA-30,FRONT AXLE,48,,,,,,,,,,Counted,,,
,814,5H0807248BA,FOAM PART,GFE-51,FRONTEND,28,,,,,,,,,,Counted,,,
,815,5H2941012AB,HEADLAMP,GFE-52,FRONTEND,4,,,,,,,,,,Counted,,,
,816,5WA816411D,CONDENSER,GFE-53,FRONTEND,22,,,,,,,,,,Counted,,,
,817,5WA521101T,PROPELLER SHAFT,GPA-76,POWERTRAIN,0,,,,,,,,,,Counted,,,
,818,08E525010N,REAR DIFFERENTIAL,GRA-44,REAR AXLE,4,,,,,,,,,,Counted,,,
,819,5WA501051AB,FINAL DRIVE,GRA-45,REAR AXLE,4,,,,,,,,,,Counted,,,
,820,5WA501052AB,FINAL DRIVE,GRA-46,REAR AXLE,6,,,,,,,,,,Counted,,,
,821,5WA501203A,HALF SHAFT,GRA-47,REAR AXLE,25,,,,,,,,,,Counted,,,
,822,5WA501204A,HALF SHAFT,GRA-48,REAR AXLE,25,,,,,,,,,,Counted,,,
,823,5WA511305L,STABILIZER BAR,GRA-49,REAR AXLE,22,,,,,,,,,,Counted,,,
,824,5Q0505235M,SUBFRAME,GRA-50,REAR AXLE,7,,,,,,,,,,Counted,,,
,825,5WA512009BG,REAR SHOCK ABSORBER,GRA-51,REAR AXLE,12,,,,,,,,,,Counted,,,
,826,0GC300073Q,4 WHEEL DRIVE,GED-118,ED,8,,,,,,,,,,Counted,,,
,827,06Q100010DN,ENGINE,GED-119,ED,4,,,,,,,,,,Counted,,,
,828,N 91201301,HEXAGON HEAD BOLT WITH WASHER,GRA-62,REAR AXLE,45,,,,,,,,,,Counted,,,
,829,7L0899187,PLUG,GRA-63,REAR AXLE,24,,,,,,,,,,Counted,,,
,830,5N0505233A,STOP,GRA-64,REAR AXLE,98,,,,,,,,,,Counted,,,
,831,5WA512521A,SENSOR,GRA-56,REAR AXLE,43,,,,,,,,,,Counted,,,
,832,5H0971499,ADAPTER CABLE,GRA-57,REAR AXLE,30,,,,,,,,,,Counted,,,
,833,5WA525095A,BREATHER PIPE,GRA-58,REAR AXLE,22,,,,,,,,,,Counted,,,
,834,5WA525095,BREATHER PIPE,GRA-59,REAR AXLE,19,,,,,,,,,,Counted,,,
,835,5H0825268,STONE GUARD,GRA-60,REAR AXLE,22,,,,,,,,,,Counted,,,
,836,5WA199313AG,SUBFRAME,GFA-32,FRONT AXLE,13,,,,,,,,,,Counted,,,
,837,5Q0145803AE,CHARGE AIR COOLER,GFE-58,FRONTEND,1,,,,,,,,,,Counted,,,
,838,5Q0802128A,TUNNEL CROSS-PIECE,GPA-81,POWERTRAIN,36,,,,,,,,,,Counted,,,
,839,5Q0825613F,HEAT SHIELD,GPA-89,POWERTRAIN,6,,,,,,,,,,Counted,,,
,840,5WA614741H,BRAKE LINE,GPA-94,POWERTRAIN,9,,,,,,,,,,Counted,,,
,841,5Q0825662BS,"HEAT SHIELD,TUNNEL FRONT",GPA-96,POWERTRAIN,8,,,,,,,,,,Counted,,,
,842,5Q0825701L,"HEAT SHIELDING, REAR MUFFLER",GPA-97,POWERTRAIN,9,,,,,,,,,,Counted,,,
,843,5WA511115C,HELICAL SPRING,GRA-61,REAR AXLE,120,,,,,,,,,,Counted,,,
,844,5Q0521441B,HEAT SHIELD,GPA-85,POWERTRAIN,64,,,,,,,,,,Counted,,,
,845,N 91202001,HEXAGON FLANGE BOL T,GED-107,ED,20,,,,,,,,,,Counted,,,
,846,1K0971615DD,CABLE HOLDER,GED-120,ED,18,,,,,,,,,,Counted,,,
,847,5WA614742AR,BRAKE LINE,GPA-95,POWERTRAIN,0,,,,,,,,,,Counted,,,
,848,5Q0407720C,SHIELD,GPA-95,POWERTRAIN,9,,,,,,,,,,Counted,,,
,849,5WA121203Q,RADIATORSHROUD,GFE,FRONTEND,14,,,,,,,,,,Counted,,,
,850,3WA907541F,RADARSENSOR,GFE,FRONTEND,19,36,36,,,,,,,,Counted,,,
,851,5H0713059T,SHIFT MECHANISM,GCC-18,CONSOLE,26,,,,,,,,,,Counted,,,